uri,last_modified
https://fcrepo-qa.lib.umd.edu/fcrepo/rest/dc/2021/1/40/69/4a/eb/40694aeb-e349-47ad-9e78-c21d6deb5f30/m/TNhOXK-c/f/GJCI9OEq,2021-02-02 15:55:48+00:00
https://fcrepo-qa.lib.umd.edu/fcrepo/rest/dc/2021/1/40/d1/5d/8e/40d15d8e-fdef-4993-8c9e-3b8c961b774a/m/CHjgfybE/f/x-OnkpY7,2021-02-02 01:38:20+00:00
https://fcrepo-qa.lib.umd.edu/fcrepo/rest/dc/2021/1/40/ad/1c/59/40ad1c59-75e4-4055-b2cd-c6fd08198d80/m/zcwyKn-z/f/Pg0WteKl,2021-08-25 02:57:52+00:00
https://fcrepo-qa.lib.umd.edu/fcrepo/rest/dc/2021/1/40/50/2f/e0/40502fe0-4d80-4521-b960-038359750e0f/m/YCOGyJuW/f/5EYhtnxd,2022-12-14 18:46:19+00:00
https://fcrepo-qa.lib.umd.edu/fcrepo/rest/dc/2021/1/40/89/fe/c1/4089fec1-54fb-40f2-bf38-4085bfb2384d/m/CQ_bQixB/f/xPJJ4qAU,2022-12-14 19:07:02+00:00
https://fcrepo-qa.lib.umd.edu/fcrepo/rest/dc/2021/1/40/fd/19/a1/40fd19a1-11f3-4cf7-9804-785bc4d41637/m/JA0InE9_/f/NxVyeXlk,2021-08-25 03:09:51+00:00
https://fcrepo-qa.lib.umd.edu/fcrepo/rest/dc/2021/1/40/16/fa/14/4016fa14-2408-4916-af8a-825f2469ffc5/m/I-t_jHkL/f/enWzpmTY,2021-08-25 02:59:46+00:00
https://fcrepo-qa.lib.umd.edu/fcrepo/rest/dc/2021/1/40/99/c4/54/4099c454-d5c8-4470-9e99-e39cd579fb60/m/5tXNWBmQ/f/tnCN3lgE,2021-02-02 15:55:21+00:00
https://fcrepo-qa.lib.umd.edu/fcrepo/rest/dc/2021/1/40/ee/3f/67/40ee3f67-5ecd-4920-a2ba-e58d03a1853b/m/l7K78zoX/f/uAn7sp79,2021-02-02 01:39:38+00:00
https://fcrepo-qa.lib.umd.edu/fcrepo/rest/dc/2021/1/40/3c/bc/ef/403cbcef-dad2-402a-a746-66288701e8a9/m/pMlWO7LL/f/XKdiJZg1,2023-05-06 15:04:23+00:00
https://fcrepo-qa.lib.umd.edu/fcrepo/rest/dc/2021/1/40/c2/32/95/40c23295-f76b-46f1-b850-0cbf0a85409f/m/ftX2ssY7/f/-LbS9eU-,2023-05-09 22:27:28+00:00
https://fcrepo-qa.lib.umd.edu/fcrepo/rest/dc/2021/1/40/00/85/80/40008580-e270-4a12-9734-3cc687097926/m/xTXHz0or/f/M0YYYjIm,2023-10-09 19:48:45+00:00
https://fcrepo-qa.lib.umd.edu/fcrepo/rest/dc/2021/1/40/3e/4e/2c/403e4e2c-2f08-4b8b-bf07-de8b7757087f/m/FLNIB4c2/f/Wg7vcZ7p,2023-10-09 19:54:53+00:00
https://fcrepo-qa.lib.umd.edu/fcrepo/rest/dc/2021/1/40/ab/59/c7/40ab59c7-986e-490b-b750-f93de6e0c0d7/m/y0XQ_VdK/f/ukJt6L14,2023-05-05 21:43:16+00:00
https://fcrepo-qa.lib.umd.edu/fcrepo/rest/dc/2021/1/40/92/39/08/40923908-1b4e-4b8e-aea0-3288a40796ff/m/7i2IW2st/f/2fNyB3I6,2023-10-09 19:50:08+00:00
https://fcrepo-qa.lib.umd.edu/fcrepo/rest/dc/2021/1/40/d0/a5/53/40d0a553-83f9-43ba-944f-36eff73e11a9/m/wMNaIcsC/f/e_s19Wfy,2023-05-06 15:03:53+00:00
https://fcrepo-qa.lib.umd.edu/fcrepo/rest/dc/2021/1/40/d3/28/d9/40d328d9-8c81-4410-9590-da5caff099a8/m/EXJ9-etd/f/FmkwrKXB,2023-05-06 15:02:45+00:00
https://fcrepo-qa.lib.umd.edu/fcrepo/rest/dc/2021/1/40/2f/0d/a4/402f0da4-9a6d-4d3c-982c-17d188061258/m/BZIcRqb1/f/k2TTk2O9,2023-10-09 20:23:01+00:00
https://fcrepo-qa.lib.umd.edu/fcrepo/rest/dc/2021/1/40/38/5c/4b/40385c4b-55b3-4f98-8f69-2c348efe90e1/m/-Jvsnj1s/f/GR2_2rhb,2025-06-03 20:30:32+00:00
https://fcrepo-qa.lib.umd.edu/fcrepo/rest/dc/2021/1/40/38/5c/4b/40385c4b-55b3-4f98-8f69-2c348efe90e1/m/N9YO5Jqz/f/2OxqFwuN,2025-06-03 20:30:32+00:00
https://fcrepo-qa.lib.umd.edu/fcrepo/rest/dc/2021/1/40/38/5c/4b/40385c4b-55b3-4f98-8f69-2c348efe90e1/m/ZU56yogq/f/BDIpLlr3,2025-06-03 20:30:32+00:00
https://fcrepo-qa.lib.umd.edu/fcrepo/rest/dc/2021/1/40/38/5c/4b/40385c4b-55b3-4f98-8f69-2c348efe90e1/m/0PPX3Pab/f/jzoDzO8b,2025-06-03 20:30:32+00:00
https://fcrepo-qa.lib.umd.edu/fcrepo/rest/dc/2021/1/40/38/5c/4b/40385c4b-55b3-4f98-8f69-2c348efe90e1/m/FgWZDvDc/f/Q7gCs-iK,2025-06-03 20:30:32+00:00
https://fcrepo-qa.lib.umd.edu/fcrepo/rest/dc/2021/1/40/db/33/7a/40db337a-be99-4bc6-9e06-8cc53211f3ab/m/weqXGMm0/f/LfAXZHov,2023-10-09 20:31:22+00:00
https://fcrepo-qa.lib.umd.edu/fcrepo/rest/dc/2021/1/40/04/47/e4/400447e4-c779-49ce-8696-2f7ea313d0ee/m/uzosfuFh/f/328sGF0q,2024-09-17 21:04:07+00:00
https://fcrepo-qa.lib.umd.edu/fcrepo/rest/dc/2021/1/40/bf/a2/3c/40bfa23c-7ae4-4596-8f99-e8a25ab70d12/m/X61BuBde/f/Y6Rz6p5q,2023-10-09 20:27:19+00:00
https://fcrepo-qa.lib.umd.edu/fcrepo/rest/dc/2021/1/40/bf/a2/3c/40bfa23c-7ae4-4596-8f99-e8a25ab70d12/m/pUSJ5Fzv/f/jxrNVHEH,2023-10-09 20:27:19+00:00
https://fcrepo-qa.lib.umd.edu/fcrepo/rest/dc/2021/1/40/a8/be/00/40a8be00-b8d2-476d-990d-6fa57cf2c8f3/m/sHQ0jO3V/f/hYLWTSHW,2023-10-09 20:37:22+00:00
https://fcrepo-qa.lib.umd.edu/fcrepo/rest/dc/2021/1/40/da/0a/90/40da0a90-4202-4263-9376-016504c9bfb5/m/YStscZKv/f/MkLPCo_X,2023-10-09 20:27:50+00:00
https://fcrepo-qa.lib.umd.edu/fcrepo/rest/dc/2021/1/40/5b/92/77/405b9277-2743-4281-b79f-4663a481805a/m/Q8nnrVJe/f/XsmfcsWz,2023-10-09 20:33:18+00:00
https://fcrepo-qa.lib.umd.edu/fcrepo/rest/dc/2021/1/40/a1/b6/7d/40a1b67d-3388-475f-86d2-59db79110d67/m/Cnv2gsTU/f/8YaDGcE5,2023-10-09 20:37:01+00:00
https://fcrepo-qa.lib.umd.edu/fcrepo/rest/dc/2021/1/40/38/b8/4e/4038b84e-80dd-4087-a9d3-044f768351b3/m/ElNmfdXS/f/GhiFUi11,2023-10-09 20:25:04+00:00
https://fcrepo-qa.lib.umd.edu/fcrepo/rest/dc/2021/1/40/ac/f3/29/40acf329-3f69-411a-9551-c81423106578/m/zEPaUkW_/f/aUHv_9A0,2025-05-19 21:35:27+00:00
https://fcrepo-qa.lib.umd.edu/fcrepo/rest/dc/2021/1/40/91/90/9e/4091909e-46f5-4da0-bb91-7fa436fc7fd5/m/2c6xcHQY/f/YNqQ1iBh,2025-06-17 15:17:28+00:00
https://fcrepo-qa.lib.umd.edu/fcrepo/rest/dc/2021/1/40/eb/6c/2f/40eb6c2f-6635-4876-b5f3-9a34322256ca/m/HbjyjOCF/f/bizwzZ94,2025-06-03 20:32:06+00:00
https://fcrepo-qa.lib.umd.edu/fcrepo/rest/dc/2021/1/40/eb/6c/2f/40eb6c2f-6635-4876-b5f3-9a34322256ca/m/oVYSc738/f/Z2b_KXjW,2025-06-03 20:32:06+00:00
https://fcrepo-qa.lib.umd.edu/fcrepo/rest/dc/2021/1/40/74/d4/f1/4074d4f1-0ed6-4473-8ffe-2581999673be/m/JWYRdPKZ/f/Ao1a0XRt,2025-06-21 03:39:18+00:00
https://fcrepo-qa.lib.umd.edu/fcrepo/rest/dc/2021/1/40/f0/6b/18/40f06b18-944f-45f8-80f9-080ab3b3d1e3/m/QHoTo62C/f/VhcD17ue,2025-06-09 18:24:54+00:00
https://fcrepo-qa.lib.umd.edu/fcrepo/rest/dc/2021/1/40/65/f7/02/4065f702-0740-4068-b32a-650d3cefdfb7/m/t6C_A3nF/f/Q96aX-08,2025-06-21 03:36:22+00:00
https://fcrepo-qa.lib.umd.edu/fcrepo/rest/dc/2021/1/40/93/42/e5/409342e5-c710-4b7f-b956-1787dbe56b4c/m/9MWB4uMF/f/8Csrq0QD,2025-06-18 03:11:16+00:00
https://fcrepo-qa.lib.umd.edu/fcrepo/rest/dc/2021/1/20/04/2b/b7/20042bb7-10c4-4775-bf1f-560fd3e32fc0/m/g0txJN_W/f/Q9HTuRVJ,2021-02-02 01:35:25+00:00
https://fcrepo-qa.lib.umd.edu/fcrepo/rest/dc/2021/1/20/f5/74/03/20f57403-06b0-4d6f-9c5f-98ba242d2cbd/m/Japs-FmJ/f/-Ldqebrr,2021-02-01 22:55:15+00:00
https://fcrepo-qa.lib.umd.edu/fcrepo/rest/dc/2021/1/20/cd/3f/69/20cd3f69-84ea-4153-b7a3-88f2eb340a3b/m/eEvxitwW/f/Ni0lsWbE,2021-08-25 03:07:19+00:00
https://fcrepo-qa.lib.umd.edu/fcrepo/rest/dc/2021/1/20/c5/64/01/20c56401-55ae-40a0-955f-cbb009f2fe18/m/g6oCdKXK/f/IFOolXx5,2021-08-25 02:52:37+00:00
https://fcrepo-qa.lib.umd.edu/fcrepo/rest/dc/2021/1/20/6d/b4/9e/206db49e-4f69-4edb-8ac0-ee69cfa1f9ae/m/0ofRRnSI/f/tU7M5VMG,2021-08-25 03:09:11+00:00
https://fcrepo-qa.lib.umd.edu/fcrepo/rest/dc/2021/1/20/10/b8/4a/2010b84a-cfb1-4c8e-ae0c-3374fdb8cc66/m/2yma1QNe/f/9Ak3ku-b,2022-12-14 18:58:48+00:00
https://fcrepo-qa.lib.umd.edu/fcrepo/rest/dc/2021/1/20/8f/6a/38/208f6a38-47c9-4ebd-a4b7-cf9722fbed73/m/o-z8opP1/f/_BvMkV8L,2022-12-14 18:53:28+00:00
https://fcrepo-qa.lib.umd.edu/fcrepo/rest/dc/2021/1/20/6d/36/c4/206d36c4-058e-4ce5-bb2a-65972f0ccf33/m/BE4_AXgY/f/3-WOCYWi,2025-06-09 19:11:23+00:00
https://fcrepo-qa.lib.umd.edu/fcrepo/rest/dc/2021/1/20/fb/6d/4f/20fb6d4f-d468-489d-911b-55d389310cc0/m/3vG5A09N/f/WkaIerhR,2021-02-02 15:54:51+00:00
https://fcrepo-qa.lib.umd.edu/fcrepo/rest/dc/2021/1/20/a1/d0/23/20a1d023-8dc9-4dcf-a20a-684ebcb25cd4/m/QvC1ibBj/f/0jOJoBBT,2021-02-02 01:35:44+00:00
https://fcrepo-qa.lib.umd.edu/fcrepo/rest/dc/2021/1/20/fe/94/91/20fe9491-0bfd-4cb0-9e64-2ad88ee67cd4/m/1iPg2u6z/f/ijWSa8EU,2021-02-02 01:38:53+00:00
https://fcrepo-qa.lib.umd.edu/fcrepo/rest/dc/2021/1/20/32/80/64/20328064-931e-474d-a849-e89be0b73a1c/m/wGKFRUcI/f/AtCwUEbS,2023-10-09 20:25:23+00:00
https://fcrepo-qa.lib.umd.edu/fcrepo/rest/dc/2021/1/20/26/14/a8/202614a8-9678-4d1f-91c5-db3476ea35ff/m/CYIAo3wR/f/l0OnDcPf,2023-05-09 22:24:30+00:00
https://fcrepo-qa.lib.umd.edu/fcrepo/rest/dc/2021/1/20/7a/f1/9e/207af19e-6b4c-4395-b431-253982b70298/m/aAvQlTJD/f/RCjgNN6g,2023-05-05 21:37:38+00:00
https://fcrepo-qa.lib.umd.edu/fcrepo/rest/dc/2021/1/20/c4/f8/30/20c4f830-650a-46bc-9a1d-806b84cf5627/m/zevkMKe_/f/zxx75BrD,2023-10-09 19:14:39+00:00
https://fcrepo-qa.lib.umd.edu/fcrepo/rest/dc/2021/1/20/e0/71/22/20e07122-4fea-4cd8-8292-0fabbd85d7f0/m/CFAIwOsJ/f/VZ3_t2mw,2022-12-14 19:07:05+00:00
https://fcrepo-qa.lib.umd.edu/fcrepo/rest/dc/2021/1/20/83/04/b5/208304b5-e5d3-4752-81e7-31e94cbfba58/m/X90qTUwS/f/k4NM3DnP,2023-10-09 19:51:24+00:00
https://fcrepo-qa.lib.umd.edu/fcrepo/rest/dc/2021/1/20/32/fa/29/2032fa29-8b25-4e4c-ad7a-0f9887810ddc/m/BI75N0Cz/f/deozII_g,2023-10-09 19:44:55+00:00
https://fcrepo-qa.lib.umd.edu/fcrepo/rest/dc/2021/1/20/e0/34/a6/20e034a6-abca-46bb-acb6-4538618377bd/m/-JxUzisP/f/JHVw3EQR,2024-08-29 15:05:41+00:00
https://fcrepo-qa.lib.umd.edu/fcrepo/rest/dc/2021/1/20/86/b3/29/2086b329-dd5b-474f-b980-1a79a0b13a21/m/QnVRuaut/f/Rjn5vqNA,2023-05-05 21:40:56+00:00
https://fcrepo-qa.lib.umd.edu/fcrepo/rest/dc/2021/1/20/c1/1e/c4/20c11ec4-0bb5-4e84-8451-4282fb66f08a/m/sfPYteQG/f/S8hAB-ja,2025-06-17 15:32:43+00:00
https://fcrepo-qa.lib.umd.edu/fcrepo/rest/dc/2021/1/20/60/de/9e/2060de9e-1410-4368-96ae-2a0a64813abb/m/3TrQbDVz/f/g34YDRAM,2025-06-21 03:42:19+00:00
https://fcrepo-qa.lib.umd.edu/fcrepo/rest/dc/2021/1/20/a9/2c/9b/20a92c9b-4842-4127-ad0c-dab4586029fa/m/1R8qb3sy/f/Lf_7yGEz,2025-06-03 20:18:34+00:00
https://fcrepo-qa.lib.umd.edu/fcrepo/rest/dc/2021/1/20/5b/cf/9f/205bcf9f-86fa-4843-a1e5-ea4b1cc85da8/m/t9VFh944/f/Hxf7dDsi,2023-10-09 20:28:46+00:00
https://fcrepo-qa.lib.umd.edu/fcrepo/rest/dc/2021/1/20/71/61/c4/207161c4-2572-4d98-8c37-f41408203cc0/m/qgjGLWLW/f/oPwRrhEW,2023-10-09 20:49:13+00:00
https://fcrepo-qa.lib.umd.edu/fcrepo/rest/dc/2021/1/20/bd/86/74/20bd8674-4d54-45ab-b3cb-04287b3e4e18/m/SIpoGwCY/f/xb2qK9Sq,2023-10-09 20:47:36+00:00
https://fcrepo-qa.lib.umd.edu/fcrepo/rest/dc/2021/1/20/71/1e/d3/20711ed3-ac1c-4f40-bf6d-96bb51d623e0/m/_Mro4WFP/f/iNSpq-IC,2024-05-15 22:49:05+00:00
https://fcrepo-qa.lib.umd.edu/fcrepo/rest/dc/2021/1/20/17/08/ca/201708ca-554c-4ea1-8330-62cd7edf811b/m/_ypRuu2t/f/wUi1_Laz,2024-08-29 13:31:47+00:00
https://fcrepo-qa.lib.umd.edu/fcrepo/rest/dc/2021/1/20/da/37/25/20da3725-e005-4d5c-804d-cb1105422251/m/7Uvw_JFi/f/HfFMDrw8,2025-06-09 19:43:31+00:00
https://fcrepo-qa.lib.umd.edu/fcrepo/rest/dc/2021/1/ce/52/3b/97/ce523b97-c755-447b-a8ef-fcb10f1927f9/m/px6zppaG/f/6xSbMD_A,2021-08-25 03:09:47+00:00
https://fcrepo-qa.lib.umd.edu/fcrepo/rest/dc/2021/1/ce/7f/ba/97/ce7fba97-53ee-4a9d-adf5-f47944ed519b/m/8HTUK5Kd/f/LvVtITj9,2022-12-14 18:57:06+00:00
https://fcrepo-qa.lib.umd.edu/fcrepo/rest/dc/2021/1/ce/a0/50/a4/cea050a4-5ac4-4cd2-bb49-ca2eaaba7f75/m/URLImeGK/f/fF-vW3b4,2021-08-25 02:56:28+00:00
https://fcrepo-qa.lib.umd.edu/fcrepo/rest/dc/2021/1/ce/a0/21/82/cea02182-b166-40dd-9230-886079421067/m/L6USDPLL/f/D73NC_NL,2025-06-21 03:45:11+00:00
https://fcrepo-qa.lib.umd.edu/fcrepo/rest/dc/2021/1/ce/37/bc/ed/ce37bced-eaf5-457f-a4c2-e5879840f26d/m/eDhFXfCT/f/CR3lvIw5,2022-12-14 18:52:50+00:00
https://fcrepo-qa.lib.umd.edu/fcrepo/rest/dc/2021/1/ce/1d/2c/4e/ce1d2c4e-f142-4053-b9c6-b03012c8090c/m/MqXVecTH/f/Pc7AX6Wb,2022-12-14 19:00:53+00:00
https://fcrepo-qa.lib.umd.edu/fcrepo/rest/dc/2021/1/ce/73/e3/2d/ce73e32d-0ecf-41ee-b2f0-cbd9b6045638/m/I_6e33Au/f/sk2jZTd7,2021-02-02 01:36:48+00:00
https://fcrepo-qa.lib.umd.edu/fcrepo/rest/dc/2021/1/ce/5f/c7/75/ce5fc775-22fa-4cd9-a9f5-703787638b95/m/29nCeEyB/f/YKOxkNph,2021-02-02 15:55:39+00:00
https://fcrepo-qa.lib.umd.edu/fcrepo/rest/dc/2021/1/ce/c3/c1/1d/cec3c11d-ba3e-4f4f-9ed8-c2aa2f7faf1a/m/TWNWVw6L/f/pfMvuDfE,2021-02-01 22:55:19+00:00
https://fcrepo-qa.lib.umd.edu/fcrepo/rest/dc/2021/1/ce/ad/85/a5/cead85a5-7769-4577-8b1b-c97e4eed44a3/m/1p9T8Upy/f/EaG88LnS,2023-10-09 19:53:24+00:00
https://fcrepo-qa.lib.umd.edu/fcrepo/rest/dc/2021/1/ce/fa/15/54/cefa1554-3710-4f3e-b676-bd517974499e/m/IJvLh6MR/f/cL27rKhU,2023-10-09 19:56:08+00:00
https://fcrepo-qa.lib.umd.edu/fcrepo/rest/dc/2021/1/ce/c0/ff/5a/cec0ff5a-4048-4bbc-8c8b-26666ccfa297/m/RD851Z_P/f/IOPTgPDF,2023-10-09 20:21:25+00:00
https://fcrepo-qa.lib.umd.edu/fcrepo/rest/dc/2021/1/ce/78/4b/30/ce784b30-0087-4b39-ab03-8376240a85b0/m/iB6-mVas/f/s08xl-fd,2023-05-05 21:45:15+00:00
https://fcrepo-qa.lib.umd.edu/fcrepo/rest/dc/2021/1/ce/44/ee/a1/ce44eea1-9a67-4d92-8a16-dc4813648b0e/m/QKB8Mrsw/f/7jJqkhtQ,2023-10-09 19:15:02+00:00
https://fcrepo-qa.lib.umd.edu/fcrepo/rest/dc/2021/1/ce/3a/f3/d4/ce3af3d4-17cf-4dc9-ba17-dfea6170e22f/m/ioU_IaJM/f/wFGXO_Cm,2023-10-09 19:51:08+00:00
https://fcrepo-qa.lib.umd.edu/fcrepo/rest/dc/2021/1/ce/f6/3c/ab/cef63cab-00a9-4e16-857f-913c9ac9af04/m/kLWVNoNj/f/Hsd2A2g2,2023-10-09 20:50:06+00:00
https://fcrepo-qa.lib.umd.edu/fcrepo/rest/dc/2021/1/ce/28/79/1b/ce28791b-b39c-4a58-b4fa-ce8883830191/m/lhLzR3cs/f/9LEwRDDg,2023-10-09 19:48:16+00:00
https://fcrepo-qa.lib.umd.edu/fcrepo/rest/dc/2021/1/ce/03/fb/fc/ce03fbfc-54e2-4c5b-a25b-d8b1786063be/m/luER0xVD/f/to5Y9isF,2023-10-09 19:51:26+00:00
https://fcrepo-qa.lib.umd.edu/fcrepo/rest/dc/2021/1/ce/bd/0b/ad/cebd0bad-d21c-4f69-85ca-5af9d57a8555/m/ITRY5fxP/f/NFngoEbv,2025-06-09 18:59:58+00:00
https://fcrepo-qa.lib.umd.edu/fcrepo/rest/dc/2021/1/ce/df/c2/97/cedfc297-f298-4ad5-85fd-7336aac491d3/m/-VQ9gTfj/f/Rbri4qlA,2023-10-09 20:52:30+00:00
https://fcrepo-qa.lib.umd.edu/fcrepo/rest/dc/2021/1/ce/d4/ff/cd/ced4ffcd-012e-4784-8401-f42121fd8311/m/HyDsIiZj/f/_WsDIDYn,2024-05-15 23:14:41+00:00
https://fcrepo-qa.lib.umd.edu/fcrepo/rest/dc/2021/1/ce/e5/5b/fd/cee55bfd-9998-4784-95f7-47bdc6b075a1/m/qcH2pXZu/f/VGd8mgEM,2025-06-21 03:42:34+00:00
https://fcrepo-qa.lib.umd.edu/fcrepo/rest/dc/2021/1/ce/b9/e9/d6/ceb9e9d6-7f2a-4bba-90c3-4d4b2225abbe/m/VPZyHmDA/f/HdpMSE_e,2025-06-18 03:14:15+00:00
https://fcrepo-qa.lib.umd.edu/fcrepo/rest/dc/2021/1/ce/69/9a/92/ce699a92-7164-4455-aa48-b08d2f404fcf/m/pstFQYBT/f/m9kxRAmp,2025-06-09 18:58:16+00:00
https://fcrepo-qa.lib.umd.edu/fcrepo/rest/dc/2021/1/ce/7d/66/9f/ce7d669f-437b-4f61-8711-68d54ea4f65c/m/wXRndBEb/f/3SB8XyCC,2025-06-17 15:17:13+00:00
https://fcrepo-qa.lib.umd.edu/fcrepo/rest/dc/2021/1/ce/51/06/c5/ce5106c5-bbc8-40d7-87e7-07389a24e7f6/m/zYda-1t6/f/o_9WUJYl,2025-06-09 19:11:27+00:00
https://fcrepo-qa.lib.umd.edu/fcrepo/rest/dc/2021/1/6d/35/5d/5c/6d355d5c-324b-407a-9db3-348edf4fa483/m/rhC5b6t4/f/GGa7CzrE,2021-02-01 22:55:22+00:00
https://fcrepo-qa.lib.umd.edu/fcrepo/rest/dc/2021/1/6d/bb/63/f1/6dbb63f1-c5e2-4282-b515-35c052df5ed0/m/vBgzv6mY/f/8BkFRG3V,2024-12-20 22:12:47+00:00
https://fcrepo-qa.lib.umd.edu/fcrepo/rest/dc/2021/1/6d/bb/63/f1/6dbb63f1-c5e2-4282-b515-35c052df5ed0/m/EQnn1I9I/f/LmcCdRN8,2024-12-20 22:12:47+00:00
https://fcrepo-qa.lib.umd.edu/fcrepo/rest/dc/2021/1/6d/bb/63/f1/6dbb63f1-c5e2-4282-b515-35c052df5ed0/m/5es3PL89/f/BnQLYUby,2024-12-20 22:12:47+00:00
https://fcrepo-qa.lib.umd.edu/fcrepo/rest/dc/2021/1/6d/c8/ec/79/6dc8ec79-ede5-4bb4-ac25-37870b2eb7d9/m/jCUuEF61/f/zgu11kUz,2025-06-09 18:22:06+00:00
https://fcrepo-qa.lib.umd.edu/fcrepo/rest/dc/2021/1/6d/c8/ec/79/6dc8ec79-ede5-4bb4-ac25-37870b2eb7d9/m/wQjLOJeK/f/BxU5qYq6,2025-06-09 18:22:06+00:00
https://fcrepo-qa.lib.umd.edu/fcrepo/rest/dc/2021/1/6d/e4/56/5a/6de4565a-a32b-48a2-b4f4-6421137c487c/m/wIjYFQe3/f/QraetsNB,2025-06-17 15:33:14+00:00
https://fcrepo-qa.lib.umd.edu/fcrepo/rest/dc/2021/1/6d/c8/76/50/6dc87650-adcc-4659-b48b-633f0581c988/m/psYceLgk/f/33iMhBL-,2021-08-25 02:52:29+00:00
https://fcrepo-qa.lib.umd.edu/fcrepo/rest/dc/2021/1/6d/32/fe/34/6d32fe34-5c50-4eae-9361-6944687b0690/m/D4PQHWez/f/Pbv2LpDZ,2022-12-14 18:47:20+00:00
https://fcrepo-qa.lib.umd.edu/fcrepo/rest/dc/2021/1/6d/d6/c7/17/6dd6c717-48de-4824-9d41-df8844afb2f4/m/70uyAL4B/f/SbgmU_Ia,2022-12-14 19:09:24+00:00
https://fcrepo-qa.lib.umd.edu/fcrepo/rest/dc/2021/1/6d/dc/e5/05/6ddce505-b1db-4e64-9600-3a191de51d57/m/cEjvcA4C/f/ix3wTVml,2021-08-25 03:09:02+00:00
https://fcrepo-qa.lib.umd.edu/fcrepo/rest/dc/2021/1/6d/31/3f/ef/6d313fef-73b2-49b1-ab34-8f49228938b7/m/par7Ntn6/f/MWJg5b-d,2021-08-25 03:13:26+00:00
https://fcrepo-qa.lib.umd.edu/fcrepo/rest/dc/2021/1/6d/e4/0b/79/6de40b79-a118-48dd-bd1d-02dbec25ba33/m/Dc_poDY8/f/xbh1RFSA,2021-02-02 01:35:48+00:00
https://fcrepo-qa.lib.umd.edu/fcrepo/rest/dc/2021/1/6d/d6/75/1e/6dd6751e-1d08-4863-b2e6-6d1eb2e6b203/m/W_fUJo2U/f/VqL3MnHc,2025-06-03 20:30:21+00:00
https://fcrepo-qa.lib.umd.edu/fcrepo/rest/dc/2021/1/6d/f2/c2/59/6df2c259-525d-4008-bbe9-c60697ffb83e/m/IESVP23o/f/WaTbXLJr,2023-05-05 21:38:58+00:00
https://fcrepo-qa.lib.umd.edu/fcrepo/rest/dc/2021/1/6d/f2/c2/59/6df2c259-525d-4008-bbe9-c60697ffb83e/m/42OHuycW/f/x0moZZlo,2023-05-05 21:38:58+00:00
https://fcrepo-qa.lib.umd.edu/fcrepo/rest/dc/2021/1/6d/82/15/08/6d821508-daa3-421a-a653-882d78a65fdf/m/0AVhIdDd/f/QOf0MK4M,2023-10-09 20:26:16+00:00
https://fcrepo-qa.lib.umd.edu/fcrepo/rest/dc/2021/1/6d/2f/7a/7d/6d2f7a7d-4db8-41c1-9b06-9b5d9e2def8b/m/HVOgDkUe/f/U602nF9b,2023-10-09 19:15:00+00:00
https://fcrepo-qa.lib.umd.edu/fcrepo/rest/dc/2021/1/6d/87/37/f9/6d8737f9-7a2c-4ff9-9db8-edf1f26c545a/m/xI0S5bZu/f/OxFKvVph,2023-10-09 20:51:39+00:00
https://fcrepo-qa.lib.umd.edu/fcrepo/rest/dc/2021/1/6d/92/a5/e0/6d92a5e0-a66f-4bee-9e53-d1f6847a25ba/m/CuWwQ70J/f/liC70nZR,2024-05-15 23:20:53+00:00
https://fcrepo-qa.lib.umd.edu/fcrepo/rest/dc/2021/1/6d/14/3b/b9/6d143bb9-537e-46bb-87fc-e570bc217032/m/xij5SMzb/f/AZsd41pU,2023-10-09 20:57:19+00:00
https://fcrepo-qa.lib.umd.edu/fcrepo/rest/dc/2021/1/6d/5c/e1/f1/6d5ce1f1-54fb-45c8-9ab7-2a23ffd1b042/m/Eh3oKJti/f/PyB41z0_,2023-05-09 22:25:10+00:00
https://fcrepo-qa.lib.umd.edu/fcrepo/rest/dc/2021/1/6d/ef/e8/fc/6defe8fc-35f6-44f4-9869-995f84eacadb/m/7zwyVBmn/f/oZJZSGOO,2023-05-09 22:26:12+00:00
https://fcrepo-qa.lib.umd.edu/fcrepo/rest/dc/2021/1/6d/ac/61/c1/6dac61c1-0066-4469-9a16-62850c55a3f3/m/xYc1MEe0/f/aJKEBjUB,2025-06-23 17:17:25+00:00
https://fcrepo-qa.lib.umd.edu/fcrepo/rest/dc/2021/1/6d/ac/61/c1/6dac61c1-0066-4469-9a16-62850c55a3f3/m/bIfpDFtG/f/K_vn7_BO,2025-06-23 17:17:25+00:00
https://fcrepo-qa.lib.umd.edu/fcrepo/rest/dc/2021/1/6d/9e/b8/c0/6d9eb8c0-e473-4757-8b01-6c7b68fc9587/m/lx-zWsCM/f/-gB9Np26,2024-08-29 15:00:58+00:00
https://fcrepo-qa.lib.umd.edu/fcrepo/rest/dc/2021/1/6d/0c/fe/bd/6d0cfebd-0423-41ac-a06c-65fa4fc60b99/m/B5WbIMxL/f/viNwBV_a,2024-08-29 14:50:35+00:00
https://fcrepo-qa.lib.umd.edu/fcrepo/rest/dc/2021/1/6d/67/01/8c/6d67018c-5801-4271-b0a2-19f06c9a73af/m/Q1LQ3rmB/f/DteGaNDm,2025-06-17 15:36:40+00:00
https://fcrepo-qa.lib.umd.edu/fcrepo/rest/dc/2021/1/6d/dd/e4/a2/6ddde4a2-e670-426f-af0e-371616e34f19/m/eGZ4ZmgU/f/Js5nYMNA,2024-08-28 20:58:29+00:00
https://fcrepo-qa.lib.umd.edu/fcrepo/rest/dc/2021/1/6d/3a/1e/92/6d3a1e92-5dcb-4d67-bd3f-782343d95eef/m/kkzG_LJW/f/LZ4C8eYg,2025-06-17 15:16:37+00:00
https://fcrepo-qa.lib.umd.edu/fcrepo/rest/dc/2021/1/c4/5e/f8/7c/c45ef87c-ffd8-4838-82ed-03861ae781d9/m/i3qtpGqz/f/RwyTOvhx,2021-02-02 01:33:55+00:00
https://fcrepo-qa.lib.umd.edu/fcrepo/rest/dc/2021/1/c4/cc/fd/81/c4ccfd81-527b-49fc-8ed7-3e062f96add6/m/l34Rb1IP/f/ATA3LuFw,2021-02-01 22:55:28+00:00
https://fcrepo-qa.lib.umd.edu/fcrepo/rest/dc/2021/1/02/80/7e/63/02807e63-8735-4203-83bb-d579b237d0f5/m/Q44Bfv8C/f/_lpA9U4m,2022-12-14 18:54:54+00:00
https://fcrepo-qa.lib.umd.edu/fcrepo/rest/dc/2021/1/02/80/7e/63/02807e63-8735-4203-83bb-d579b237d0f5/m/DWA1bANq/f/0p6JUj-w,2022-12-14 18:54:54+00:00
https://fcrepo-qa.lib.umd.edu/fcrepo/rest/dc/2021/1/02/80/7e/63/02807e63-8735-4203-83bb-d579b237d0f5/m/kmeustNW/f/7DDyyPa4,2022-12-14 18:54:54+00:00
https://fcrepo-qa.lib.umd.edu/fcrepo/rest/dc/2021/1/02/51/97/d2/025197d2-9114-425f-8738-443e490104e9/m/Jz2BxsiU/f/ncyO8y_J,2023-05-05 21:41:24+00:00
https://fcrepo-qa.lib.umd.edu/fcrepo/rest/dc/2021/1/02/51/97/d2/025197d2-9114-425f-8738-443e490104e9/m/6qeFKXtW/f/s12ploAw,2023-05-05 21:41:24+00:00
https://fcrepo-qa.lib.umd.edu/fcrepo/rest/dc/2021/1/02/51/97/d2/025197d2-9114-425f-8738-443e490104e9/m/60s3Wqmt/f/ZiDHA4ov,2023-05-05 21:41:24+00:00
https://fcrepo-qa.lib.umd.edu/fcrepo/rest/dc/2021/1/18/e4/07/b7/18e407b7-c86e-4f3a-971f-8ed170420dc3/m/9NYuj0vF/f/LkOlRCiM,2025-06-18 03:11:27+00:00
https://fcrepo-qa.lib.umd.edu/fcrepo/rest/dc/2021/1/30/21/af/f0/3021aff0-0614-4118-8fae-05a69025d3ce/m/8VVidhTQ/f/DwgEwhez,2025-06-09 18:23:29+00:00
https://fcrepo-qa.lib.umd.edu/fcrepo/rest/dc/2021/1/02/41/59/82/02415982-25b3-40a7-8885-f3d25a5fa088/m/VSmcAMqp/f/rTPMXfT1,2023-10-09 20:20:45+00:00
https://fcrepo-qa.lib.umd.edu/fcrepo/rest/dc/2021/1/02/96/65/79/02966579-82f7-441f-be3b-63a5e79fcbc4/m/KICZTVCM/f/CymSuVfK,2022-12-14 18:58:34+00:00
https://fcrepo-qa.lib.umd.edu/fcrepo/rest/dc/2021/1/02/5a/24/88/025a2488-f322-4f60-a8bd-3b28be2b8f25/m/OVr7jx48/f/bmVOkusF,2022-12-14 19:02:13+00:00
https://fcrepo-qa.lib.umd.edu/fcrepo/rest/dc/2021/1/02/5b/13/32/025b1332-e4bc-491f-8a79-e3bc0802eb26/m/KTlkrPjs/f/aVSm1gVk,2022-12-14 18:56:52+00:00
https://fcrepo-qa.lib.umd.edu/fcrepo/rest/dc/2021/1/02/5a/be/cc/025abecc-8bbd-4628-b9d2-31bb7e503cb4/m/I7Ao555T/f/JcntdEbW,2023-05-05 21:43:03+00:00
https://fcrepo-qa.lib.umd.edu/fcrepo/rest/dc/2021/1/02/a9/37/05/02a93705-02a4-46cc-af3d-050f04187de0/m/zj7pa77g/f/03pr2b8m,2023-10-09 19:49:11+00:00
https://fcrepo-qa.lib.umd.edu/fcrepo/rest/dc/2021/1/bf/dd/7f/b5/bfdd7fb5-c872-4f90-a2c8-f9b70f439432/m/ym1usBjd/f/qzNKrYhb,2025-06-09 18:59:52+00:00
https://fcrepo-qa.lib.umd.edu/fcrepo/rest/dc/2021/1/bf/dd/7f/b5/bfdd7fb5-c872-4f90-a2c8-f9b70f439432/m/q21NSpZz/f/7F8UN6K9,2025-06-09 18:59:52+00:00
https://fcrepo-qa.lib.umd.edu/fcrepo/rest/dc/2021/1/bf/dd/7f/b5/bfdd7fb5-c872-4f90-a2c8-f9b70f439432/m/NaNx1pLj/f/p7wL_RtK,2025-06-09 18:59:52+00:00
https://fcrepo-qa.lib.umd.edu/fcrepo/rest/dc/2021/1/bf/dd/7f/b5/bfdd7fb5-c872-4f90-a2c8-f9b70f439432/m/bsJJeBeh/f/xJg3W0sF,2025-06-09 18:59:52+00:00
https://fcrepo-qa.lib.umd.edu/fcrepo/rest/dc/2021/1/bf/c7/a7/56/bfc7a756-7a0f-4c92-ab59-0a1d010d2bb8/m/Hf5aglni/f/HOyVqvu4,2025-06-03 20:11:41+00:00
https://fcrepo-qa.lib.umd.edu/fcrepo/rest/dc/2021/1/bf/c7/a7/56/bfc7a756-7a0f-4c92-ab59-0a1d010d2bb8/m/I3drf4xA/f/Mv0JXhQs,2025-06-03 20:11:41+00:00
https://fcrepo-qa.lib.umd.edu/fcrepo/rest/dc/2021/1/bf/c7/a7/56/bfc7a756-7a0f-4c92-ab59-0a1d010d2bb8/m/GZmWMTBP/f/X_VFm47a,2025-06-03 20:11:41+00:00
https://fcrepo-qa.lib.umd.edu/fcrepo/rest/dc/2021/1/bf/c7/a7/56/bfc7a756-7a0f-4c92-ab59-0a1d010d2bb8/m/xuMz3sXq/f/nmdCJJS0,2025-06-03 20:11:41+00:00
https://fcrepo-qa.lib.umd.edu/fcrepo/rest/dc/2021/1/bf/c7/a7/56/bfc7a756-7a0f-4c92-ab59-0a1d010d2bb8/m/8MO6ntAS/f/4BTsn5Km,2025-06-03 20:11:41+00:00
https://fcrepo-qa.lib.umd.edu/fcrepo/rest/dc/2021/1/bf/74/06/1e/bf74061e-f897-4dcb-87c6-c2921283cbc6/m/1iR5oiuV/f/_LGobZlw,2024-12-20 22:21:08+00:00
https://fcrepo-qa.lib.umd.edu/fcrepo/rest/dc/2021/1/bf/74/06/1e/bf74061e-f897-4dcb-87c6-c2921283cbc6/m/-Yuj8QEB/f/RpITkMXI,2024-12-20 22:21:08+00:00
https://fcrepo-qa.lib.umd.edu/fcrepo/rest/dc/2021/1/bf/74/06/1e/bf74061e-f897-4dcb-87c6-c2921283cbc6/m/uAC8ooxl/f/yo75_c5A,2024-12-20 22:21:08+00:00
https://fcrepo-qa.lib.umd.edu/fcrepo/rest/dc/2021/1/bf/28/03/74/bf280374-a587-4d06-9074-209c5efd0546/m/HmpGK5tD/f/vhk4XQny,2024-08-29 14:12:58+00:00
https://fcrepo-qa.lib.umd.edu/fcrepo/rest/dc/2021/1/bf/08/91/79/bf089179-1938-46d6-94cf-e1f6c103e9b2/m/MwxaEND6/f/BHEJ9dbk,2024-08-29 14:30:20+00:00
https://fcrepo-qa.lib.umd.edu/fcrepo/rest/dc/2021/1/bf/4b/e0/5c/bf4be05c-e9ba-45b2-87ea-e540a30dd110/m/vhdCyGx5/f/b_7GMMik,2024-08-28 21:13:54+00:00
https://fcrepo-qa.lib.umd.edu/fcrepo/rest/dc/2021/1/bf/93/7b/83/bf937b83-49ee-49fc-a17d-c2b29b6d622c/m/gt9IO0S2/f/cvNCH3Kj,2025-06-03 20:32:02+00:00
https://fcrepo-qa.lib.umd.edu/fcrepo/rest/dc/2021/1/bf/3e/d9/6f/bf3ed96f-89f1-437b-879a-b5210289a9e0/m/Th1Nk2_4/f/3w2kwhQx,2025-06-09 18:25:06+00:00
https://fcrepo-qa.lib.umd.edu/fcrepo/rest/dc/2021/1/bf/d9/76/e8/bfd976e8-6954-492e-a296-bd1778ce56d6/m/nOCX2pG-/f/vMr3014r,2025-06-09 18:58:26+00:00
https://fcrepo-qa.lib.umd.edu/fcrepo/rest/dc/2021/1/4c/05/50/64/4c055064-1f5e-4eed-806c-a0e0c5db439c/m/MplAoscI/f/-VboJmaM,2023-05-06 15:04:41+00:00
https://fcrepo-qa.lib.umd.edu/fcrepo/rest/dc/2021/1/4c/05/50/64/4c055064-1f5e-4eed-806c-a0e0c5db439c/m/MBztWMwb/f/oDY84S1g,2023-05-06 15:04:41+00:00
https://fcrepo-qa.lib.umd.edu/fcrepo/rest/dc/2021/1/4c/1a/9e/91/4c1a9e91-b670-4df3-b8ca-80e381adece3/m/IIXO_odQ/f/RvjjcBqc,2022-12-14 19:08:25+00:00
https://fcrepo-qa.lib.umd.edu/fcrepo/rest/dc/2021/1/4c/a9/1f/af/4ca91faf-4416-4140-91d6-5a45d4f02c4a/m/snBZCzbM/f/cJfnyjAi,2023-10-09 19:55:37+00:00
https://fcrepo-qa.lib.umd.edu/fcrepo/rest/dc/2021/1/4c/37/48/68/4c374868-7e8d-4994-b2de-d2f09da4151b/m/yXe6QycB/f/zdd1oOB7,2022-12-14 19:06:10+00:00
https://fcrepo-qa.lib.umd.edu/fcrepo/rest/dc/2021/1/4c/ed/92/96/4ced9296-2835-4223-9dc8-3ed440c68832/m/jeXtiDGb/f/y9-yCSiZ,2023-10-09 20:18:41+00:00
https://fcrepo-qa.lib.umd.edu/fcrepo/rest/dc/2021/1/4c/5e/26/d5/4c5e26d5-6675-4f49-99e5-63742a1db750/m/rMThDcEW/f/e4blYwz8,2025-06-03 20:34:30+00:00
https://fcrepo-qa.lib.umd.edu/fcrepo/rest/dc/2021/1/4c/5e/17/d2/4c5e17d2-1003-4355-a5e1-3bdcfa8612e6/m/XXA7q1Gw/f/zFz2DUXk,2023-10-09 19:47:26+00:00
https://fcrepo-qa.lib.umd.edu/fcrepo/rest/dc/2021/1/4c/0e/ab/0e/4c0eab0e-3ff3-4fc0-baf6-fd45be63943d/m/wAVdrkoV/f/k5Jtn1EZ,2023-10-09 19:51:29+00:00
https://fcrepo-qa.lib.umd.edu/fcrepo/rest/dc/2021/1/4c/0e/99/9c/4c0e999c-9f7a-411a-9e7a-d4cac74a3a42/m/4WoczVw0/f/oA0RPbsH,2023-10-09 20:23:37+00:00
https://fcrepo-qa.lib.umd.edu/fcrepo/rest/dc/2021/1/c8/e7/c3/92/c8e7c392-a637-40e3-8060-8349e4027c3f/m/yUSGXhCM/f/hCaLmaxl,2021-08-25 02:59:26+00:00
https://fcrepo-qa.lib.umd.edu/fcrepo/rest/dc/2021/1/c8/e7/c3/92/c8e7c392-a637-40e3-8060-8349e4027c3f/m/bzsLflxC/f/7Nz0l23A,2021-08-25 02:59:26+00:00
https://fcrepo-qa.lib.umd.edu/fcrepo/rest/dc/2021/1/c8/e5/eb/0e/c8e5eb0e-aecd-4d46-92eb-f1fe08447aca/m/369dlXew/f/Baq2lSpm,2021-08-25 02:53:33+00:00
https://fcrepo-qa.lib.umd.edu/fcrepo/rest/dc/2021/1/c8/d7/3c/b3/c8d73cb3-576a-489a-b17b-a2d15fa04194/m/RhadVALe/f/9XaHqmhn,2021-02-02 01:39:30+00:00
https://fcrepo-qa.lib.umd.edu/fcrepo/rest/dc/2021/1/c8/d7/3c/b3/c8d73cb3-576a-489a-b17b-a2d15fa04194/m/kYeRmVR5/f/M8XcmoJD,2021-02-02 01:39:30+00:00
https://fcrepo-qa.lib.umd.edu/fcrepo/rest/dc/2021/1/c8/37/46/ad/c83746ad-27e9-403a-b47f-f15079e54922/m/OrV7Xg5-/f/5T_BXx50,2021-02-01 22:54:53+00:00
https://fcrepo-qa.lib.umd.edu/fcrepo/rest/dc/2021/1/c8/5b/57/ff/c85b57ff-e99a-4f83-b6df-604f46f15544/m/XbB304hv/f/tu3flNoy,2021-02-02 15:55:22+00:00
https://fcrepo-qa.lib.umd.edu/fcrepo/rest/dc/2021/1/c8/74/a8/53/c874a853-3f16-4499-8f86-f90fed855806/m/uqYuTbPL/f/8EdOSPtO,2021-02-02 01:39:16+00:00
https://fcrepo-qa.lib.umd.edu/fcrepo/rest/dc/2021/1/c8/cb/e1/a7/c8cbe1a7-6e48-456b-805c-761a7383c7a2/m/Qg7INu1s/f/YAdlW7t4,2021-02-01 22:55:13+00:00
https://fcrepo-qa.lib.umd.edu/fcrepo/rest/dc/2021/1/c8/36/bf/d5/c836bfd5-71df-47b9-b726-e0316a40ae24/m/4zhRlUzD/f/iIG2Enpk,2021-02-01 22:56:04+00:00
https://fcrepo-qa.lib.umd.edu/fcrepo/rest/dc/2021/1/c8/71/f4/fb/c871f4fb-b8c0-4dc9-8434-0f3981e224ce/m/Ea3rYVg1/f/bsXLBjWC,2021-02-02 15:55:06+00:00
https://fcrepo-qa.lib.umd.edu/fcrepo/rest/dc/2021/1/55/98/81/c2/559881c2-2d01-4cca-ae5a-4fd64a3ade69/m/WZjpREIy/f/ZWKUOeAz,2023-10-09 20:35:07+00:00
https://fcrepo-qa.lib.umd.edu/fcrepo/rest/dc/2021/1/55/75/8f/4b/55758f4b-5bbf-4cb7-8ab8-fc7d9430a423/m/1WOjctc3/f/Ro10Affc,2023-10-09 20:37:04+00:00
https://fcrepo-qa.lib.umd.edu/fcrepo/rest/dc/2021/1/55/f7/cd/a6/55f7cda6-2370-497d-a7f8-22297e544d24/m/9sk6ZLZG/f/XgPOCKwL,2023-10-09 20:58:13+00:00
https://fcrepo-qa.lib.umd.edu/fcrepo/rest/dc/2021/1/55/6d/b4/45/556db445-a64a-4323-826b-61179aa00cb4/m/rWyixAAi/f/KNYnz-wm,2023-10-09 20:26:41+00:00
https://fcrepo-qa.lib.umd.edu/fcrepo/rest/dc/2021/1/55/d4/4f/2b/55d44f2b-98c0-4fe2-89e7-3b8b9109495d/m/irbi35dU/f/XdWCW9GF,2023-10-09 20:20:36+00:00
https://fcrepo-qa.lib.umd.edu/fcrepo/rest/dc/2021/1/55/2b/76/9e/552b769e-f68d-4739-91da-8e5c9e04a69d/m/Ja5gO60f/f/A9qt0EOu,2023-10-09 19:14:49+00:00
https://fcrepo-qa.lib.umd.edu/fcrepo/rest/dc/2021/1/55/1c/60/be/551c60be-6c96-4e2f-8233-dec467d0a1ec/m/sG9H2jai/f/T0TPcDOw,2023-10-09 20:51:12+00:00
https://fcrepo-qa.lib.umd.edu/fcrepo/rest/dc/2021/1/55/9c/f6/a4/559cf6a4-3d2a-463a-b3b2-0a5ffbffb039/m/TcOWA7hH/f/zg22rgY3,2023-10-09 20:46:50+00:00
https://fcrepo-qa.lib.umd.edu/fcrepo/rest/dc/2021/1/55/65/f7/9f/5565f79f-55dc-4d7c-b368-ed1df15d3924/m/RuD9-lrS/f/QIhCS-E9,2023-10-09 20:55:18+00:00
https://fcrepo-qa.lib.umd.edu/fcrepo/rest/dc/2021/1/27/e2/3d/81/27e23d81-ea09-4d5f-aca5-af8a157463cf/m/ekFmISBU/f/Iz9pAItx,2025-06-09 18:22:03+00:00
https://fcrepo-qa.lib.umd.edu/fcrepo/rest/dc/2021/1/27/e2/3d/81/27e23d81-ea09-4d5f-aca5-af8a157463cf/m/NyDcDrc-/f/NNXFtRHC,2025-06-09 18:22:03+00:00
https://fcrepo-qa.lib.umd.edu/fcrepo/rest/dc/2021/1/27/e2/3d/81/27e23d81-ea09-4d5f-aca5-af8a157463cf/m/FpdOeuEs/f/LohaMH-u,2025-06-09 18:22:03+00:00
https://fcrepo-qa.lib.umd.edu/fcrepo/rest/dc/2021/1/27/e2/3d/81/27e23d81-ea09-4d5f-aca5-af8a157463cf/m/7sx_I1cz/f/E78s0kQT,2025-06-09 18:22:03+00:00
https://fcrepo-qa.lib.umd.edu/fcrepo/rest/dc/2021/1/27/e2/3d/81/27e23d81-ea09-4d5f-aca5-af8a157463cf/m/Cr0FWppt/f/8GRPBgFo,2025-06-09 18:22:03+00:00
https://fcrepo-qa.lib.umd.edu/fcrepo/rest/dc/2021/1/27/e2/3d/81/27e23d81-ea09-4d5f-aca5-af8a157463cf/m/pE2r0LxN/f/AVcca8PL,2025-06-09 18:22:03+00:00
https://fcrepo-qa.lib.umd.edu/fcrepo/rest/dc/2021/1/27/e2/3d/81/27e23d81-ea09-4d5f-aca5-af8a157463cf/m/iHTSg_x-/f/BgYZv5tp,2025-06-09 18:22:03+00:00
https://fcrepo-qa.lib.umd.edu/fcrepo/rest/dc/2021/1/27/ad/68/6e/27ad686e-9f9b-49f9-b208-6b8657780f94/m/4OAx22fP/f/m_MpNrqX,2021-08-25 02:57:50+00:00
https://fcrepo-qa.lib.umd.edu/fcrepo/rest/dc/2021/1/27/cd/ad/75/27cdad75-216f-4f1b-87d0-ee05b2f33461/m/QAZsGgD1/f/qf4sWprg,2022-12-14 18:50:03+00:00
https://fcrepo-qa.lib.umd.edu/fcrepo/rest/dc/2021/1/27/cd/ad/75/27cdad75-216f-4f1b-87d0-ee05b2f33461/m/O6K78M7d/f/Ao28fbMu,2022-12-14 18:50:03+00:00
https://fcrepo-qa.lib.umd.edu/fcrepo/rest/dc/2021/1/27/e2/30/2a/27e2302a-bb50-4979-b61d-7fccecdba9aa/m/PsdG_1RK/f/d1kdLecG,2023-05-05 21:37:23+00:00
https://fcrepo-qa.lib.umd.edu/fcrepo/rest/dc/2021/1/27/10/b0/37/2710b037-2522-4b3f-9582-eb07c869b293/m/OkLDwwU-/f/MdfBwYXV,2023-05-05 21:44:54+00:00
https://fcrepo-qa.lib.umd.edu/fcrepo/rest/dc/2021/1/27/b7/08/a8/27b708a8-89c2-423a-aa15-4ab1b345cb84/m/92Z8WfT7/f/Lvx2q6cw,2022-12-14 18:48:48+00:00
https://fcrepo-qa.lib.umd.edu/fcrepo/rest/dc/2021/1/27/a9/15/a8/27a915a8-2a43-4bcb-92a1-b12631040b24/m/b627srdb/f/H2i4VTda,2023-05-05 21:43:52+00:00
https://fcrepo-qa.lib.umd.edu/fcrepo/rest/dc/2021/1/27/3f/19/83/273f1983-d445-4a13-a7f1-e4d28b1e257a/m/75pIJbOj/f/e9DZnB6q,2021-08-25 03:05:01+00:00
https://fcrepo-qa.lib.umd.edu/fcrepo/rest/dc/2021/1/27/c2/8e/1d/27c28e1d-3f2e-437e-953d-8f6ee9865665/m/SOVrX5V2/f/0lis2nH0,2021-02-02 15:54:46+00:00
https://fcrepo-qa.lib.umd.edu/fcrepo/rest/dc/2021/1/50/92/8e/09/50928e09-38c0-42d8-8a4f-d12aadebc7c9/m/4ruL1vh3/f/KF8D__ny,2023-10-09 20:57:48+00:00
https://fcrepo-qa.lib.umd.edu/fcrepo/rest/dc/2021/1/50/63/4a/ee/50634aee-cadc-418f-a74e-a48854bf97e0/m/ku3LCZV_/f/zPdBXfFv,2024-05-15 22:42:50+00:00
https://fcrepo-qa.lib.umd.edu/fcrepo/rest/dc/2021/1/50/5f/aa/91/505faa91-ae6f-4a33-94db-67053fa74b48/m/w3Y19cc6/f/wzSOQ6c-,2025-06-18 03:13:51+00:00
https://fcrepo-qa.lib.umd.edu/fcrepo/rest/dc/2021/1/50/5e/25/ea/505e25ea-15f2-43f7-8c61-37a19b87d246/m/iByVJLlb/f/r5Alq5FN,2023-10-09 20:34:27+00:00
https://fcrepo-qa.lib.umd.edu/fcrepo/rest/dc/2021/1/50/41/62/f9/504162f9-02a6-4473-8e0e-711b1b841833/m/G96gAARe/f/fc7S9U56,2023-10-09 20:29:56+00:00
https://fcrepo-qa.lib.umd.edu/fcrepo/rest/dc/2021/1/50/83/fc/cb/5083fccb-1f8c-41c6-bb52-0296013027ef/m/_p2LK1hQ/f/f66uBw7y,2024-05-15 23:16:51+00:00
https://fcrepo-qa.lib.umd.edu/fcrepo/rest/dc/2021/1/50/44/04/28/50440428-100e-4c2a-af86-3901b25f0597/m/JVKatQP2/f/u6HmMM-7,2023-10-09 20:26:59+00:00
https://fcrepo-qa.lib.umd.edu/fcrepo/rest/dc/2021/1/50/4e/4b/b2/504e4bb2-9aaa-4f8f-ab13-4961d29c1d4e/m/SDWucm8Q/f/OC-O5KZw,2024-05-15 22:52:21+00:00
https://fcrepo-qa.lib.umd.edu/fcrepo/rest/dc/2021/1/50/7c/c4/11/507cc411-7d07-489f-a89d-2713fc9eb37b/m/kgOC7SbD/f/JTMutIlm,2024-05-15 22:46:26+00:00
https://fcrepo-qa.lib.umd.edu/fcrepo/rest/dc/2021/1/c0/d9/af/18/c0d9af18-c54f-46a7-a544-fe4012a52133/m/5hrD3FuR/f/7dqFyJ3-,2025-06-09 19:00:22+00:00
https://fcrepo-qa.lib.umd.edu/fcrepo/rest/dc/2021/1/c0/d9/af/18/c0d9af18-c54f-46a7-a544-fe4012a52133/m/hhR9XExj/f/IbRfEIRL,2025-06-09 19:00:22+00:00
https://fcrepo-qa.lib.umd.edu/fcrepo/rest/dc/2021/1/c0/d9/af/18/c0d9af18-c54f-46a7-a544-fe4012a52133/m/zDxOfIxc/f/J7MxSKG1,2025-06-09 19:00:22+00:00
https://fcrepo-qa.lib.umd.edu/fcrepo/rest/dc/2021/1/c0/d9/af/18/c0d9af18-c54f-46a7-a544-fe4012a52133/m/K77bbn79/f/gmTAx9xc,2025-06-09 19:00:22+00:00
https://fcrepo-qa.lib.umd.edu/fcrepo/rest/dc/2021/1/c0/d9/af/18/c0d9af18-c54f-46a7-a544-fe4012a52133/m/XxGzevK4/f/T9upP_z9,2025-06-09 19:00:22+00:00
https://fcrepo-qa.lib.umd.edu/fcrepo/rest/dc/2021/1/c0/d9/af/18/c0d9af18-c54f-46a7-a544-fe4012a52133/m/YdA9Hecq/f/JRTSmKCg,2025-06-09 19:00:22+00:00
https://fcrepo-qa.lib.umd.edu/fcrepo/rest/dc/2021/1/c0/d9/af/18/c0d9af18-c54f-46a7-a544-fe4012a52133/m/-EqHLmfK/f/TrUaYalP,2025-06-09 19:00:22+00:00
https://fcrepo-qa.lib.umd.edu/fcrepo/rest/dc/2021/1/c0/d9/af/18/c0d9af18-c54f-46a7-a544-fe4012a52133/m/ZxI7vVsU/f/AqaqkalP,2025-06-09 19:00:22+00:00
https://fcrepo-qa.lib.umd.edu/fcrepo/rest/dc/2021/1/c0/d9/af/18/c0d9af18-c54f-46a7-a544-fe4012a52133/m/4ulXlYZm/f/8k6emxmw,2025-06-09 19:00:22+00:00
https://fcrepo-qa.lib.umd.edu/fcrepo/rest/dc/2021/1/c0/c4/e0/8a/c0c4e08a-562b-4a47-86d6-ebfb9a83b1e0/m/xBGEfhm5/f/wOAVm8wQ,2025-05-19 21:35:32+00:00
https://fcrepo-qa.lib.umd.edu/fcrepo/rest/dc/2021/1/c0/c4/e0/8a/c0c4e08a-562b-4a47-86d6-ebfb9a83b1e0/m/WGYqFqFQ/f/xi5ChR1c,2025-05-19 21:35:32+00:00
https://fcrepo-qa.lib.umd.edu/fcrepo/rest/dc/2021/1/c0/c4/e0/8a/c0c4e08a-562b-4a47-86d6-ebfb9a83b1e0/m/JWfWGQhM/f/cMACjtn9,2025-05-19 21:35:32+00:00
https://fcrepo-qa.lib.umd.edu/fcrepo/rest/dc/2021/1/c0/c4/e0/8a/c0c4e08a-562b-4a47-86d6-ebfb9a83b1e0/m/JH_fFfwJ/f/MMCT5ako,2025-05-19 21:35:32+00:00
https://fcrepo-qa.lib.umd.edu/fcrepo/rest/dc/2021/1/c0/65/f6/38/c065f638-29df-44de-a081-31bb923c46b7/m/BfePUqPp/f/XLWwaHpN,2025-06-03 20:10:29+00:00
https://fcrepo-qa.lib.umd.edu/fcrepo/rest/dc/2021/1/c0/77/90/03/c0779003-71e6-4f9c-80be-fed3e69f4751/m/djS0SwY9/f/REyDNqJP,2024-08-29 14:48:12+00:00
https://fcrepo-qa.lib.umd.edu/fcrepo/rest/dc/2021/1/c0/78/0e/df/c0780edf-3b3d-4f31-9db2-b52b14d29691/m/ccH1ateJ/f/lE78b-bu,2024-05-15 23:13:09+00:00
https://fcrepo-qa.lib.umd.edu/fcrepo/rest/dc/2021/1/c0/bd/a5/ac/c0bda5ac-0cd7-40f9-8d00-01e4664d95ac/m/6vzEG7db/f/7AWxlYk5,2025-06-17 15:36:48+00:00
https://fcrepo-qa.lib.umd.edu/fcrepo/rest/dc/2021/1/c0/43/c3/d6/c043c3d6-cc87-4f61-91af-49d7e5a5e3d8/m/JSkoVJ4V/f/Z6ecX1d_,2024-09-23 13:53:59+00:00
https://fcrepo-qa.lib.umd.edu/fcrepo/rest/dc/2021/1/c0/cd/37/97/c0cd3797-f436-4835-929a-bc55982b2035/m/NNOtP0yT/f/B39MxFyh,2024-05-15 23:26:37+00:00
https://fcrepo-qa.lib.umd.edu/fcrepo/rest/dc/2021/1/c0/98/e0/f7/c098e0f7-c582-474f-bd8d-1c7df652240f/m/X8GverJH/f/WEaiaY7N,2025-06-03 20:32:05+00:00
https://fcrepo-qa.lib.umd.edu/fcrepo/rest/dc/2021/1/b4/c9/56/54/b4c95654-3bae-4bf2-820f-7b31b9b43763/m/maYI9QER/f/sf5ikkod,2025-06-09 19:41:40+00:00
https://fcrepo-qa.lib.umd.edu/fcrepo/rest/dc/2021/1/b4/c9/56/54/b4c95654-3bae-4bf2-820f-7b31b9b43763/m/Yn9y5OO0/f/n_sGU_OV,2025-06-09 19:41:40+00:00
https://fcrepo-qa.lib.umd.edu/fcrepo/rest/dc/2021/1/b4/c9/56/54/b4c95654-3bae-4bf2-820f-7b31b9b43763/m/AcK1jrOe/f/zXqJ3hCC,2025-06-09 19:41:40+00:00
https://fcrepo-qa.lib.umd.edu/fcrepo/rest/dc/2021/1/b4/c9/56/54/b4c95654-3bae-4bf2-820f-7b31b9b43763/m/BJDPfCCX/f/gAOegb9L,2025-06-09 19:41:40+00:00
https://fcrepo-qa.lib.umd.edu/fcrepo/rest/dc/2021/1/b4/c9/56/54/b4c95654-3bae-4bf2-820f-7b31b9b43763/m/J6jKEC7u/f/BRx4OMB7,2025-06-09 19:41:40+00:00
https://fcrepo-qa.lib.umd.edu/fcrepo/rest/dc/2021/1/b4/c2/b0/43/b4c2b043-42d1-4b77-b7af-826665e21426/m/LjDXOsMw/f/Sgay0mi7,2024-08-29 13:45:39+00:00
https://fcrepo-qa.lib.umd.edu/fcrepo/rest/dc/2021/1/b4/75/5d/8b/b4755d8b-c26e-44ce-893d-52ca9cb5c487/m/C59ko4zI/f/MABhJEt6,2025-06-03 20:18:07+00:00
https://fcrepo-qa.lib.umd.edu/fcrepo/rest/dc/2021/1/b4/d4/b8/ce/b4d4b8ce-44c2-47f7-91b4-5b45ae875a30/m/LnY610yT/f/tegt-dcO,2025-06-18 03:09:09+00:00
https://fcrepo-qa.lib.umd.edu/fcrepo/rest/dc/2021/1/b4/ff/f7/98/b4fff798-ee10-4166-beea-ca20aaac391f/m/Hfb5HVJv/f/jE2PvZ7C,2024-05-15 23:22:22+00:00
https://fcrepo-qa.lib.umd.edu/fcrepo/rest/dc/2021/1/b4/88/c0/d4/b488c0d4-684c-4ef8-b854-4a705b83746d/m/TxOgl8b3/f/aOfiTIPT,2024-05-15 23:15:29+00:00
https://fcrepo-qa.lib.umd.edu/fcrepo/rest/dc/2021/1/b4/18/d0/1f/b418d01f-8927-4d95-9618-8016a07105c5/m/0Jc1VXpx/f/gIAFVkCS,2024-09-23 13:44:55+00:00
https://fcrepo-qa.lib.umd.edu/fcrepo/rest/dc/2021/1/b4/0a/fc/4f/b40afc4f-ddd1-4b1f-9909-8a7db14b2208/m/5KnIWDFj/f/ShRNXAK2,2024-08-28 21:38:11+00:00
https://fcrepo-qa.lib.umd.edu/fcrepo/rest/dc/2021/1/a5/7f/df/ba/a57fdfba-66cb-46c0-98ab-0e515bffb298/m/1Wkyqt3p/f/yg585Q5l,2021-02-01 22:52:54+00:00
https://fcrepo-qa.lib.umd.edu/fcrepo/rest/dc/2021/1/92/41/02/86/92410286-165b-414d-8566-923f14263094/m/bkAymgQy/f/2Q3EjZxZ,2021-08-25 03:02:55+00:00
https://fcrepo-qa.lib.umd.edu/fcrepo/rest/dc/2021/1/92/41/02/86/92410286-165b-414d-8566-923f14263094/m/VxKeLq4V/f/RLWxFuL8,2021-08-25 03:02:55+00:00
https://fcrepo-qa.lib.umd.edu/fcrepo/rest/dc/2021/1/92/41/02/86/92410286-165b-414d-8566-923f14263094/m/SRnTo_O1/f/7vmxdVPH,2021-08-25 03:02:55+00:00
https://fcrepo-qa.lib.umd.edu/fcrepo/rest/dc/2021/1/92/cb/5d/3d/92cb5d3d-17be-4b1e-b4c6-148c1ca2cc5b/m/mCCVfB4f/f/sgjQk85n,2022-12-14 18:48:12+00:00
https://fcrepo-qa.lib.umd.edu/fcrepo/rest/dc/2021/1/92/c5/bd/a7/92c5bda7-256c-40aa-bc2f-56fea6bf5ada/m/P8VJl0jy/f/Aszth7FQ,2021-02-01 22:55:39+00:00
https://fcrepo-qa.lib.umd.edu/fcrepo/rest/dc/2021/1/92/35/c9/36/9235c936-e8f4-4191-815e-30df922f5cc9/m/Mb80yC_7/f/erAXzMkp,2021-02-02 01:35:36+00:00
https://fcrepo-qa.lib.umd.edu/fcrepo/rest/dc/2021/1/92/9f/7e/7a/929f7e7a-b994-4ac8-a202-442886c25e73/m/EuR7ENAO/f/nCzk3sMI,2021-02-02 15:54:45+00:00
https://fcrepo-qa.lib.umd.edu/fcrepo/rest/dc/2021/1/92/87/43/6b/9287436b-6e4f-45ea-bace-4cb42ec15e58/m/nuYZlFw4/f/xLoZjfU4,2021-02-02 01:39:24+00:00
https://fcrepo-qa.lib.umd.edu/fcrepo/rest/dc/2021/1/92/4d/46/e1/924d46e1-f656-4c1c-b1cd-0da84251c915/m/gckgfI0g/f/Frc_8PjI,2021-02-01 22:53:09+00:00
https://fcrepo-qa.lib.umd.edu/fcrepo/rest/dc/2021/1/92/1b/62/af/921b62af-3e2f-452e-9647-3a6a964d4d6c/m/wHx8UAqg/f/qpvgSlD8,2021-02-01 22:54:22+00:00
https://fcrepo-qa.lib.umd.edu/fcrepo/rest/dc/2021/1/92/33/c2/cf/9233c2cf-fa5d-4b7c-b30b-32f5b2aedeb4/m/LN2l-6I-/f/1-vc6T2r,2021-02-02 01:33:10+00:00
https://fcrepo-qa.lib.umd.edu/fcrepo/rest/dc/2021/1/75/69/dd/c2/7569ddc2-345b-4731-a0b0-be09b488292a/m/PqH5O6eL/f/HxQ-ZERN,2023-10-09 19:48:35+00:00
https://fcrepo-qa.lib.umd.edu/fcrepo/rest/dc/2021/1/75/8b/1d/5c/758b1d5c-b6d6-435b-9707-6fa29b0e6540/m/9qf6YAqw/f/hyfzAxZS,2023-05-05 21:39:05+00:00
https://fcrepo-qa.lib.umd.edu/fcrepo/rest/dc/2021/1/75/ef/b9/cb/75efb9cb-ad30-4f75-9789-fa4e86dfa201/m/gk7c3Ccv/f/fcnsY4Kj,2023-05-09 22:23:02+00:00
https://fcrepo-qa.lib.umd.edu/fcrepo/rest/dc/2021/1/75/74/f3/c0/7574f3c0-8993-4751-9c3d-0d98bb10ea48/m/UU4W6-4S/f/Lgfpr2sX,2023-05-06 14:59:17+00:00
https://fcrepo-qa.lib.umd.edu/fcrepo/rest/dc/2021/1/75/e3/10/2d/75e3102d-d6e1-4ef5-a23c-51540c4d9390/m/Y3BbWjCo/f/_sHtxVME,2022-12-14 18:59:35+00:00
https://fcrepo-qa.lib.umd.edu/fcrepo/rest/dc/2021/1/75/26/8f/77/75268f77-749c-4b8b-89db-38d56b485f0c/m/MXs52znd/f/UX_vTFSV,2023-05-05 21:44:19+00:00
https://fcrepo-qa.lib.umd.edu/fcrepo/rest/dc/2021/1/75/5c/3f/8e/755c3f8e-aa46-4245-9c82-8853bbb3a01e/m/606xvRGy/f/VF9QZn4H,2022-12-14 18:56:57+00:00
https://fcrepo-qa.lib.umd.edu/fcrepo/rest/dc/2021/1/75/3c/7b/e8/753c7be8-f947-4145-9767-f1d91db78b9c/m/oPqbXyO3/f/Nr1_0xiN,2024-08-28 21:59:23+00:00
https://fcrepo-qa.lib.umd.edu/fcrepo/rest/dc/2021/1/75/e9/b3/8d/75e9b38d-cf53-4432-96cf-1d5712e7a80c/m/3RQkpu6c/f/H7bPNUwS,2023-05-09 22:29:10+00:00
https://fcrepo-qa.lib.umd.edu/fcrepo/rest/dc/2021/1/ed/2a/2a/79/ed2a2a79-df80-45a1-85cf-02eea5851173/m/nYQ7kpvV/f/mx2biZ2B,2023-10-09 20:31:47+00:00
https://fcrepo-qa.lib.umd.edu/fcrepo/rest/dc/2021/1/ed/2a/2a/79/ed2a2a79-df80-45a1-85cf-02eea5851173/m/iJps3lTi/f/xTYRben8,2023-10-09 20:31:47+00:00
https://fcrepo-qa.lib.umd.edu/fcrepo/rest/dc/2021/1/ed/fa/fc/b7/edfafcb7-4c62-4784-ad50-fb6fb545d739/m/G5VilshS/f/CUPjpJJE,2023-10-09 21:01:38+00:00
https://fcrepo-qa.lib.umd.edu/fcrepo/rest/dc/2021/1/ed/44/26/70/ed442670-eec7-4a67-bd27-1f71209ad32e/m/4QGNDzCT/f/l21fEQIq,2023-10-09 20:47:53+00:00
https://fcrepo-qa.lib.umd.edu/fcrepo/rest/dc/2021/1/ed/6f/78/5d/ed6f785d-8779-425c-9555-1959ca5cb4c4/m/jbq7lLgw/f/zp8sz3Ef,2023-10-09 20:54:12+00:00
https://fcrepo-qa.lib.umd.edu/fcrepo/rest/dc/2021/1/ed/59/a2/2f/ed59a22f-db9f-4f4e-bf23-83671b0d8eba/m/5ecVJsf3/f/P8jmpQR5,2024-08-29 14:08:36+00:00
https://fcrepo-qa.lib.umd.edu/fcrepo/rest/dc/2021/1/ed/41/f1/8e/ed41f18e-1364-4e9a-aceb-ac8adcc850e1/m/Y47Xu8Pk/f/u2jAaTJb,2023-10-09 21:01:19+00:00
https://fcrepo-qa.lib.umd.edu/fcrepo/rest/dc/2021/1/ed/c2/78/f0/edc278f0-be69-433a-b075-596ec3296f65/m/xc2C1Cb_/f/JmfO7SmI,2024-05-15 22:43:13+00:00
https://fcrepo-qa.lib.umd.edu/fcrepo/rest/dc/2021/1/ed/ee/bb/a4/edeebba4-6858-4baf-b975-dcc4e2c19796/m/TJJm6ZHL/f/-CHGM_Dn,2024-05-15 22:51:02+00:00
https://fcrepo-qa.lib.umd.edu/fcrepo/rest/dc/2021/1/ed/c6/49/43/edc64943-1a14-48cd-bf25-0cbd1fc2c1fe/m/hUF_FC40/f/f-ULj4kE,2023-05-06 15:04:04+00:00
https://fcrepo-qa.lib.umd.edu/fcrepo/rest/dc/2021/1/26/95/b1/ec/2695b1ec-e92b-492d-b734-3719afc028b1/m/zDzNEb77/f/3Th4xkS8,2025-06-17 15:33:08+00:00
https://fcrepo-qa.lib.umd.edu/fcrepo/rest/dc/2021/1/26/65/52/5a/2665525a-99d7-40b2-96e9-f0c47fe2b372/m/fUrPL06h/f/uMmRVNac,2025-06-09 17:56:28+00:00
https://fcrepo-qa.lib.umd.edu/fcrepo/rest/dc/2021/1/26/58/3f/a1/26583fa1-483b-461f-9e61-10437d1209d3/m/c49zLmJN/f/gsTxFAGJ,2024-09-17 21:06:47+00:00
https://fcrepo-qa.lib.umd.edu/fcrepo/rest/dc/2021/1/26/37/79/00/26377900-4c3b-43ef-841b-cf7a8f2ae700/m/LS-5N2Kf/f/HUYSs6K3,2025-06-21 03:37:53+00:00
https://fcrepo-qa.lib.umd.edu/fcrepo/rest/dc/2021/1/26/5c/5e/94/265c5e94-11f6-44ef-8a26-4dafc8faee71/m/VZBn-IfP/f/Dt1TblXw,2024-08-29 14:53:58+00:00
https://fcrepo-qa.lib.umd.edu/fcrepo/rest/dc/2021/1/26/87/ce/9e/2687ce9e-e909-4ccf-9329-8bb3f1688181/m/KKbTXbFr/f/LzxXyn5Z,2025-06-03 20:34:13+00:00
https://fcrepo-qa.lib.umd.edu/fcrepo/rest/dc/2021/1/26/91/5d/f3/26915df3-e742-42c8-a5a3-9eade4a0ef15/m/V1DAszR-/f/ulkH-WrV,2025-06-09 18:57:36+00:00
https://fcrepo-qa.lib.umd.edu/fcrepo/rest/dc/2021/1/9f/49/b8/98/9f49b898-5f8a-4cbe-ae12-d46cdbe902f7/m/M_DozBZa/f/ezup_eCG,2021-02-01 22:53:04+00:00
https://fcrepo-qa.lib.umd.edu/fcrepo/rest/dc/2021/1/9f/6d/4e/5b/9f6d4e5b-2bea-46f3-91c0-c4bc27a5b4a6/m/z86BPKM6/f/hhGyhIxK,2021-02-02 01:33:41+00:00
https://fcrepo-qa.lib.umd.edu/fcrepo/rest/dc/2021/1/5d/d6/0a/8b/5dd60a8b-b545-48b2-b2ec-ca5d95357b5d/m/Jgg0jxQU/f/7vpore3A,2023-10-09 20:29:31+00:00
https://fcrepo-qa.lib.umd.edu/fcrepo/rest/dc/2021/1/5d/07/a2/f0/5d07a2f0-73df-4b3b-bb10-a8e992503b30/m/I1i-16VQ/f/Bp5kzPkU,2024-05-15 23:14:10+00:00
https://fcrepo-qa.lib.umd.edu/fcrepo/rest/dc/2021/1/5d/07/a2/f0/5d07a2f0-73df-4b3b-bb10-a8e992503b30/m/xitu8Wtw/f/hlp2dE69,2024-05-15 23:14:10+00:00
https://fcrepo-qa.lib.umd.edu/fcrepo/rest/dc/2021/1/5d/07/a2/f0/5d07a2f0-73df-4b3b-bb10-a8e992503b30/m/j6gLgwoO/f/dI60Emet,2024-05-15 23:14:10+00:00
https://fcrepo-qa.lib.umd.edu/fcrepo/rest/dc/2021/1/5d/66/5c/21/5d665c21-9b42-4945-a475-02bf9d6da32d/m/qendfomZ/f/8MpDviJ6,2024-05-15 22:51:45+00:00
https://fcrepo-qa.lib.umd.edu/fcrepo/rest/dc/2021/1/5d/33/1d/33/5d331d33-37e3-4a47-8366-e822fd9dc330/m/DPgLlZag/f/2hNYJ5fb,2024-05-15 23:21:05+00:00
https://fcrepo-qa.lib.umd.edu/fcrepo/rest/dc/2021/1/5d/33/1d/33/5d331d33-37e3-4a47-8366-e822fd9dc330/m/PWzuSTYm/f/_XBFTT15,2024-05-15 23:21:05+00:00
https://fcrepo-qa.lib.umd.edu/fcrepo/rest/dc/2021/1/5d/41/91/bd/5d4191bd-470d-48c8-96ba-be4cf4a0754f/m/TaanXCEf/f/FBE7OWrS,2023-10-09 21:00:54+00:00
https://fcrepo-qa.lib.umd.edu/fcrepo/rest/dc/2021/1/5d/c5/31/d8/5dc531d8-26b7-453b-97ff-7353f937802b/m/678gap0A/f/1e-PMWUw,2023-10-09 20:57:56+00:00
https://fcrepo-qa.lib.umd.edu/fcrepo/rest/dc/2021/1/5d/be/b5/bd/5dbeb5bd-eaec-4bb2-931b-4b2d47585aed/m/f0Wv47-r/f/7LdTb8lM,2024-05-15 23:12:07+00:00
https://fcrepo-qa.lib.umd.edu/fcrepo/rest/dc/2021/1/5d/0d/dc/44/5d0ddc44-e43c-44d4-8f5c-242c2924fd2f/m/bhMhUAev/f/P919Ez3r,2023-10-09 21:00:19+00:00
https://fcrepo-qa.lib.umd.edu/fcrepo/rest/dc/2021/1/5d/b4/e8/66/5db4e866-1b44-4557-9e24-e52cb677c524/m/b8Bco0J0/f/km-2HH3n,2024-05-15 23:26:18+00:00
https://fcrepo-qa.lib.umd.edu/fcrepo/rest/dc/2021/1/18/ac/9f/4e/18ac9f4e-df45-489c-b7c6-8be47bbb9e45/m/uD-QvH5w/f/L5OVV9Rx,2022-12-14 18:55:28+00:00
https://fcrepo-qa.lib.umd.edu/fcrepo/rest/dc/2021/1/18/0d/f2/91/180df291-2cf3-4995-917c-654372dffc0b/m/FRy3-wc_/f/qD14IaL2,2021-08-25 03:14:02+00:00
https://fcrepo-qa.lib.umd.edu/fcrepo/rest/dc/2021/1/30/1a/3c/ac/301a3cac-56e7-457b-bfaa-ade1f1c431c3/m/4CleztM0/f/qzojw7sT,2023-05-05 21:45:04+00:00
https://fcrepo-qa.lib.umd.edu/fcrepo/rest/dc/2021/1/30/76/9c/97/30769c97-1a6c-4e18-b205-048985786ff4/m/XFN2WcdL/f/42FtaCMK,2023-05-05 21:40:50+00:00
https://fcrepo-qa.lib.umd.edu/fcrepo/rest/dc/2021/1/30/cf/07/9b/30cf079b-9314-4f27-9946-1165e485bda0/m/JVhgJStw/f/Tr9iJkwH,2023-10-09 19:53:10+00:00
https://fcrepo-qa.lib.umd.edu/fcrepo/rest/dc/2021/1/30/50/8e/11/30508e11-47e1-4a07-852e-1df072e3fbe3/m/Em7J_des/f/Sf1pnUsG,2023-10-09 20:18:18+00:00
https://fcrepo-qa.lib.umd.edu/fcrepo/rest/dc/2021/1/30/97/0a/7b/30970a7b-0bae-40af-af19-98fb30dabf64/m/Fa_puuVO/f/x8b7OGZe,2023-10-09 19:14:41+00:00
https://fcrepo-qa.lib.umd.edu/fcrepo/rest/dc/2021/1/30/ba/ab/73/30baab73-9dac-44d6-9467-a4368d1837b9/m/IfowYsv-/f/uW1GLOiY,2023-05-05 21:39:07+00:00
https://fcrepo-qa.lib.umd.edu/fcrepo/rest/dc/2021/1/30/ef/16/e4/30ef16e4-6cf9-48cf-8246-15fa5a065bf3/m/jUGNPAok/f/KCK_g7py,2023-05-05 21:37:43+00:00
https://fcrepo-qa.lib.umd.edu/fcrepo/rest/dc/2021/1/30/c3/5d/86/30c35d86-8a0b-43c9-987c-655ab5c5b630/m/sFKNpwzm/f/PD8hTWCX,2023-05-09 22:29:53+00:00
https://fcrepo-qa.lib.umd.edu/fcrepo/rest/dc/2021/1/df/82/f2/9a/df82f29a-7e30-4bec-af8f-5590b34caf76/m/OCZp0dnf/f/MxiQrHtT,2025-06-03 20:18:00+00:00
https://fcrepo-qa.lib.umd.edu/fcrepo/rest/dc/2021/1/df/82/f2/9a/df82f29a-7e30-4bec-af8f-5590b34caf76/m/2QZ7Ra1i/f/NtrhkmjJ,2025-06-03 20:18:00+00:00
https://fcrepo-qa.lib.umd.edu/fcrepo/rest/dc/2021/1/df/82/f2/9a/df82f29a-7e30-4bec-af8f-5590b34caf76/m/FSjzDl4f/f/-d6RXgnb,2025-06-03 20:18:00+00:00
https://fcrepo-qa.lib.umd.edu/fcrepo/rest/dc/2021/1/df/82/f2/9a/df82f29a-7e30-4bec-af8f-5590b34caf76/m/HVE8Babn/f/gOec1dFt,2025-06-03 20:18:00+00:00
https://fcrepo-qa.lib.umd.edu/fcrepo/rest/dc/2021/1/df/82/f2/9a/df82f29a-7e30-4bec-af8f-5590b34caf76/m/4pnvBKso/f/RGI_K_OV,2025-06-03 20:18:00+00:00
https://fcrepo-qa.lib.umd.edu/fcrepo/rest/dc/2021/1/df/82/f2/9a/df82f29a-7e30-4bec-af8f-5590b34caf76/m/tThjky2f/f/RGR-TfUz,2025-06-03 20:18:00+00:00
https://fcrepo-qa.lib.umd.edu/fcrepo/rest/dc/2021/1/df/82/f2/9a/df82f29a-7e30-4bec-af8f-5590b34caf76/m/FoSTLaYv/f/lrad-KXh,2025-06-03 20:18:00+00:00
https://fcrepo-qa.lib.umd.edu/fcrepo/rest/dc/2021/1/df/d7/f4/b7/dfd7f4b7-56a6-4b35-9305-190f19c498b6/m/ABa-NXdf/f/ddK3-HB_,2025-06-09 18:21:46+00:00
https://fcrepo-qa.lib.umd.edu/fcrepo/rest/dc/2021/1/df/5b/d1/0f/df5bd10f-437a-4888-bebb-4a60249cec1f/m/mrThYnRS/f/hYeiTW6_,2024-12-20 22:24:32+00:00
https://fcrepo-qa.lib.umd.edu/fcrepo/rest/dc/2021/1/df/77/bb/62/df77bb62-20e4-4210-9cfa-550deabe0dbb/m/C5yvjWy4/f/ik9kvCv1,2025-06-09 18:57:29+00:00
https://fcrepo-qa.lib.umd.edu/fcrepo/rest/dc/2021/1/df/d0/18/8c/dfd0188c-f410-44f0-9195-ef289a6dc489/m/efZiuuX1/f/AZO-9W_k,2025-06-09 19:00:29+00:00
https://fcrepo-qa.lib.umd.edu/fcrepo/rest/dc/2021/1/df/a4/18/c0/dfa418c0-2fe4-475d-9fd3-0c4dd1bcf8c9/m/UeUuryLR/f/U9--YbZB,2025-06-18 03:07:57+00:00
https://fcrepo-qa.lib.umd.edu/fcrepo/rest/dc/2021/1/df/e7/34/17/dfe73417-875b-498c-a920-69a240b891d8/m/8rMV22R6/f/k5ZtVUd-,2025-06-09 19:42:10+00:00
https://fcrepo-qa.lib.umd.edu/fcrepo/rest/dc/2021/1/df/0e/90/a8/df0e90a8-2f05-47ce-ac9f-77648bc51184/m/8N8KbYK-/f/Ao7Lzt4M,2024-12-20 22:12:23+00:00
https://fcrepo-qa.lib.umd.edu/fcrepo/rest/dc/2021/1/df/3b/52/98/df3b5298-e1dd-4f47-950a-073c2580e395/m/rBUsTP-Z/f/J2IckhPJ,2025-06-03 20:31:44+00:00
https://fcrepo-qa.lib.umd.edu/fcrepo/rest/dc/2021/1/01/4b/45/6d/014b456d-6dc4-455b-b43e-42443f132593/m/B33lMnAJ/f/d0DR2XZh,2024-12-20 22:20:58+00:00
https://fcrepo-qa.lib.umd.edu/fcrepo/rest/dc/2021/1/01/4b/45/6d/014b456d-6dc4-455b-b43e-42443f132593/m/cHMF_Xj5/f/IapRxIqr,2024-12-20 22:20:58+00:00
https://fcrepo-qa.lib.umd.edu/fcrepo/rest/dc/2021/1/01/4b/45/6d/014b456d-6dc4-455b-b43e-42443f132593/m/4UbJTry_/f/tdp_nW0X,2024-12-20 22:20:58+00:00
https://fcrepo-qa.lib.umd.edu/fcrepo/rest/dc/2021/1/01/b6/e8/1c/01b6e81c-6725-4ccd-ac02-873e98232b1e/m/KooSPSva/f/ggwATeO7,2025-06-21 05:56:48+00:00
https://fcrepo-qa.lib.umd.edu/fcrepo/rest/dc/2021/1/01/b6/e8/1c/01b6e81c-6725-4ccd-ac02-873e98232b1e/m/dkCX0QuV/f/xI5tbVMT,2025-06-21 05:56:48+00:00
https://fcrepo-qa.lib.umd.edu/fcrepo/rest/dc/2021/1/01/b6/e8/1c/01b6e81c-6725-4ccd-ac02-873e98232b1e/m/sAdxDvXZ/f/izXLMhM-,2025-06-21 05:56:48+00:00
https://fcrepo-qa.lib.umd.edu/fcrepo/rest/dc/2021/1/01/36/fc/4f/0136fc4f-81d4-48d4-a1b3-8dfeeb8fa0ae/m/BNE-p51I/f/k8K_ZrpT,2025-06-09 18:22:28+00:00
https://fcrepo-qa.lib.umd.edu/fcrepo/rest/dc/2021/1/01/57/41/b0/015741b0-ad8f-46db-a35e-1eb2eb512dcf/m/Y8IP_ejs/f/68a9NFr9,2025-06-03 20:11:54+00:00
https://fcrepo-qa.lib.umd.edu/fcrepo/rest/dc/2021/1/01/58/0c/b7/01580cb7-4a92-46c4-b75b-6a6ceb06528f/m/yg90GQPl/f/ldwq_87V,2025-06-20 22:48:58+00:00
https://fcrepo-qa.lib.umd.edu/fcrepo/rest/dc/2021/1/01/fe/48/36/01fe4836-1bd1-4df6-9b05-484fe3a55bb2/m/fRft46Tb/f/8-Z065Y-,2025-06-21 03:34:51+00:00
https://fcrepo-qa.lib.umd.edu/fcrepo/rest/dc/2021/1/01/b5/c5/5a/01b5c55a-f039-4e02-baa4-18875f74152e/m/ixkyO-ag/f/6jiHFlpe,2024-09-23 13:42:01+00:00
https://fcrepo-qa.lib.umd.edu/fcrepo/rest/dc/2021/1/01/bc/e0/44/01bce044-704d-4cb9-9bb1-739d960cbeff/m/0j7lAoY4/f/OCqsu3bJ,2024-09-23 13:49:05+00:00
https://fcrepo-qa.lib.umd.edu/fcrepo/rest/dc/2021/1/01/02/b1/3c/0102b13c-2fd6-49d3-8b85-285c7e957609/m/bQ3uiWFX/f/B2RC0LkR,2025-05-19 21:38:55+00:00
https://fcrepo-qa.lib.umd.edu/fcrepo/rest/dc/2021/1/c8/ad/73/95/c8ad7395-5219-4737-80de-8b6778bfff52/m/p2fKcOyn/f/2JhMHLS2,2023-05-06 15:01:11+00:00
https://fcrepo-qa.lib.umd.edu/fcrepo/rest/dc/2021/1/c8/ad/73/95/c8ad7395-5219-4737-80de-8b6778bfff52/m/g-3HnyRS/f/lzaAlZAF,2023-05-06 15:01:11+00:00
https://fcrepo-qa.lib.umd.edu/fcrepo/rest/dc/2021/1/c8/ad/73/95/c8ad7395-5219-4737-80de-8b6778bfff52/m/Hrk9cpT0/f/2IAk8CqT,2023-05-06 15:01:11+00:00
https://fcrepo-qa.lib.umd.edu/fcrepo/rest/dc/2021/1/c8/ad/73/95/c8ad7395-5219-4737-80de-8b6778bfff52/m/TpcAmE6E/f/9uDqy6me,2023-05-06 15:01:11+00:00
https://fcrepo-qa.lib.umd.edu/fcrepo/rest/dc/2021/1/c8/c3/0c/49/c8c30c49-a686-4f51-a2ff-e73c3ca6cef2/m/yo_dgmtp/f/unBniMZc,2022-12-14 19:06:01+00:00
https://fcrepo-qa.lib.umd.edu/fcrepo/rest/dc/2021/1/c8/08/fb/af/c808fbaf-9a32-42cd-8612-fdc18d82f2ba/m/jUXwtQjU/f/t6w2K7e7,2021-08-25 03:15:01+00:00
https://fcrepo-qa.lib.umd.edu/fcrepo/rest/dc/2021/1/c8/a7/81/a6/c8a781a6-6345-45be-b041-f311365d278c/m/4yiQjaMp/f/6ZZ0cBDJ,2021-08-25 03:01:20+00:00
https://fcrepo-qa.lib.umd.edu/fcrepo/rest/dc/2021/1/c8/23/e6/3d/c823e63d-8ee8-4e4c-9b96-67d47dfc6072/m/06fhuayB/f/hrmI1nGR,2023-05-05 21:40:41+00:00
https://fcrepo-qa.lib.umd.edu/fcrepo/rest/dc/2021/1/c8/7c/19/bc/c87c19bc-6fdc-4d5c-881c-1a4d14c653a9/m/OI-UxjZR/f/1955XIcb,2021-08-25 03:06:23+00:00
https://fcrepo-qa.lib.umd.edu/fcrepo/rest/dc/2021/1/c8/f5/b4/e6/c8f5b4e6-edbb-44cb-a8df-3e8b4301e12a/m/vL2dA4nq/f/mbEYrvR5,2021-08-25 03:07:47+00:00
https://fcrepo-qa.lib.umd.edu/fcrepo/rest/dc/2021/1/c8/9d/af/c0/c89dafc0-d089-4557-a90e-6ef104d96ac6/m/9VKH7QEp/f/47mXYKTQ,2023-05-09 22:23:09+00:00
https://fcrepo-qa.lib.umd.edu/fcrepo/rest/dc/2021/1/c8/17/27/43/c8172743-4adf-4a7f-9e6c-bce00f5e7535/m/HMmkW1rt/f/Q3q06UVK,2023-10-09 19:16:02+00:00
https://fcrepo-qa.lib.umd.edu/fcrepo/rest/dc/2021/1/55/58/0a/77/55580a77-2acf-4913-8cf5-12f9207cca4f/m/qogtzVXL/f/Usjj_WZY,2024-08-29 13:28:51+00:00
https://fcrepo-qa.lib.umd.edu/fcrepo/rest/dc/2021/1/55/58/0a/77/55580a77-2acf-4913-8cf5-12f9207cca4f/m/MLLXj1vM/f/GgdlPG7H,2024-08-29 13:28:51+00:00
https://fcrepo-qa.lib.umd.edu/fcrepo/rest/dc/2021/1/55/f4/39/ce/55f439ce-ed38-45f8-b69c-6578b7bfbe7f/m/-7LYKAut/f/xOEbuy2A,2023-10-09 20:58:58+00:00
https://fcrepo-qa.lib.umd.edu/fcrepo/rest/dc/2021/1/55/f4/39/ce/55f439ce-ed38-45f8-b69c-6578b7bfbe7f/m/FZruidGb/f/voA-pC-S,2023-10-09 20:58:58+00:00
https://fcrepo-qa.lib.umd.edu/fcrepo/rest/dc/2021/1/55/0e/57/b5/550e57b5-2b5e-4749-b88e-88370b812305/m/D3mbNlnB/f/U7jRzYsb,2024-05-15 23:12:20+00:00
https://fcrepo-qa.lib.umd.edu/fcrepo/rest/dc/2021/1/55/de/e6/ec/55dee6ec-a969-43b8-bd77-ad7bd85b3b1c/m/utB184D1/f/SFIBab3I,2024-09-23 13:49:10+00:00
https://fcrepo-qa.lib.umd.edu/fcrepo/rest/dc/2021/1/55/0f/5e/98/550f5e98-d254-4df0-a5c0-4e581086c03d/m/T5V6DzPp/f/7N3oEf9r,2025-06-03 20:16:18+00:00
https://fcrepo-qa.lib.umd.edu/fcrepo/rest/dc/2021/1/55/e6/df/a1/55e6dfa1-cfb5-43f5-bc33-7d7b22a167e7/m/qkkeuXTi/f/IrviCFZ4,2024-05-15 23:18:51+00:00
https://fcrepo-qa.lib.umd.edu/fcrepo/rest/dc/2021/1/55/b9/ed/2b/55b9ed2b-7ee0-4766-9b9f-7351d134d570/m/HIEUOb7U/f/OhxjjUaR,2024-08-28 21:00:12+00:00
https://fcrepo-qa.lib.umd.edu/fcrepo/rest/dc/2021/1/55/1d/e6/fb/551de6fb-c29e-47e8-bacd-c6145df08721/m/Zh1rGxcm/f/3Ydlc_ax,2024-05-15 23:03:24+00:00
https://fcrepo-qa.lib.umd.edu/fcrepo/rest/dc/2021/1/55/70/4a/f6/55704af6-7557-42a8-941e-6fbb91757886/m/MB5Dorm8/f/Nsfs8Ktb,2024-08-28 21:12:07+00:00
https://fcrepo-qa.lib.umd.edu/fcrepo/rest/dc/2021/1/27/73/e5/7d/2773e57d-3e87-47ad-ab09-6f5885e3b64e/m/SZgF5WVt/f/I_jvS9kj,2024-05-15 22:38:31+00:00
https://fcrepo-qa.lib.umd.edu/fcrepo/rest/dc/2021/1/27/4e/39/99/274e3999-d2dd-4e84-a7f8-b83cffdeebaf/m/94rGisd7/f/NzVgrlLo,2023-10-09 19:54:36+00:00
https://fcrepo-qa.lib.umd.edu/fcrepo/rest/dc/2021/1/27/4e/39/99/274e3999-d2dd-4e84-a7f8-b83cffdeebaf/m/jwHIvVzr/f/Z41B5yxW,2023-10-09 19:54:36+00:00
https://fcrepo-qa.lib.umd.edu/fcrepo/rest/dc/2021/1/27/d1/5b/08/27d15b08-a5bd-48b8-a849-44b67c73e14e/m/bstsbaPO/f/JFlrPwAO,2023-10-09 19:47:33+00:00
https://fcrepo-qa.lib.umd.edu/fcrepo/rest/dc/2021/1/27/44/45/50/27444550-b86b-49de-a8c5-267ab1f803f1/m/kGNP9geh/f/lhz_sFeB,2023-10-09 20:21:02+00:00
https://fcrepo-qa.lib.umd.edu/fcrepo/rest/dc/2021/1/27/52/af/1e/2752af1e-fc7c-41f0-b606-87daa710ed7b/m/d9rjBtVQ/f/uc2mBUN-,2023-10-09 20:30:57+00:00
https://fcrepo-qa.lib.umd.edu/fcrepo/rest/dc/2021/1/27/91/0c/1e/27910c1e-19ad-4fa3-ac10-7c530c862687/m/CVpIuhGu/f/dj-Cnoes,2024-08-28 20:59:38+00:00
https://fcrepo-qa.lib.umd.edu/fcrepo/rest/dc/2021/1/27/65/87/88/27658788-371b-4111-b6ce-e687fe09ede0/m/fM2mH0sa/f/sKwEwrMp,2024-05-15 22:49:51+00:00
https://fcrepo-qa.lib.umd.edu/fcrepo/rest/dc/2021/1/27/db/b1/e3/27dbb1e3-7e77-4b8e-8db4-3ce6bcc9e568/m/uspA1GOr/f/hpcy9Vy9,2023-10-09 19:55:00+00:00
https://fcrepo-qa.lib.umd.edu/fcrepo/rest/dc/2021/1/27/86/5a/01/27865a01-e074-4e10-9ec2-3b27c8167d20/m/ON70q4cH/f/7x-nxlDd,2024-08-28 21:09:49+00:00
https://fcrepo-qa.lib.umd.edu/fcrepo/rest/dc/2021/1/50/77/a3/fc/5077a3fc-f7c7-42d1-b76b-53d0204578cd/m/lAFEOnGb/f/LH_VQpZX,2025-06-09 18:59:53+00:00
https://fcrepo-qa.lib.umd.edu/fcrepo/rest/dc/2021/1/50/ef/1f/c8/50ef1fc8-cb3d-4079-82f5-994650934469/m/VVrrxNdC/f/z8a7C01G,2024-09-23 13:48:51+00:00
https://fcrepo-qa.lib.umd.edu/fcrepo/rest/dc/2021/1/50/ef/1f/c8/50ef1fc8-cb3d-4079-82f5-994650934469/m/oRxTNN-o/f/l48NrWXp,2024-09-23 13:48:51+00:00
https://fcrepo-qa.lib.umd.edu/fcrepo/rest/dc/2021/1/50/21/e7/42/5021e742-4c8e-4af7-a56c-668c9cbf6604/m/2NZs_hXf/f/wE1SuJmK,2025-05-19 21:46:59+00:00
https://fcrepo-qa.lib.umd.edu/fcrepo/rest/dc/2021/1/50/e8/55/d5/50e855d5-186d-43c0-9651-4e06b83a0e7f/m/TTAncci3/f/wBEJcb0n,2024-08-29 14:54:54+00:00
https://fcrepo-qa.lib.umd.edu/fcrepo/rest/dc/2021/1/50/10/bd/19/5010bd19-76fa-494d-afb1-83f833c14499/m/FBV6O3CF/f/AM3abkQk,2024-09-23 12:58:59+00:00
https://fcrepo-qa.lib.umd.edu/fcrepo/rest/dc/2021/1/50/a4/5e/8d/50a45e8d-fd79-4009-bcaf-23bdec3da236/m/ehnsNfw7/f/K2bjUddA,2024-08-28 21:13:18+00:00
https://fcrepo-qa.lib.umd.edu/fcrepo/rest/dc/2021/1/50/07/12/a7/500712a7-5fbf-4d5a-85ce-abe8484d08f7/m/91H_EXjr/f/iSoMQFNX,2024-08-28 21:08:27+00:00
https://fcrepo-qa.lib.umd.edu/fcrepo/rest/dc/2021/1/50/d1/54/45/50d15445-8891-4600-9740-614bbbcfd9a2/m/MVI8d4b4/f/wHorD83i,2024-08-29 14:05:08+00:00
https://fcrepo-qa.lib.umd.edu/fcrepo/rest/dc/2021/1/50/0a/51/10/500a5110-696c-4f77-913b-849a5241f3c3/m/C1q3lClC/f/1Vv64Aj1,2025-06-09 18:33:29+00:00
https://fcrepo-qa.lib.umd.edu/fcrepo/rest/dc/2021/1/ea/d8/dc/d9/ead8dcd9-21a9-4d06-80ed-8b253c96740f/m/CtZgjmGo/f/5Y6tFAr8,2023-05-09 22:21:49+00:00
https://fcrepo-qa.lib.umd.edu/fcrepo/rest/dc/2021/1/ea/de/cf/94/eadecf94-a9c7-40d0-a425-dd6b266cc961/m/T7XAaJ5U/f/FoEV8gE1,2023-10-09 20:19:28+00:00
https://fcrepo-qa.lib.umd.edu/fcrepo/rest/dc/2021/1/ea/fd/4e/9b/eafd4e9b-ea5c-4773-9c23-b88cf97a759d/m/uI34GWJd/f/slOCTzrx,2023-05-09 22:23:46+00:00
https://fcrepo-qa.lib.umd.edu/fcrepo/rest/dc/2021/1/ea/0e/60/28/ea0e6028-34af-43ff-9f94-9ec6984bf3ae/m/kfHmfHq3/f/potcYh-7,2023-10-09 19:56:31+00:00
https://fcrepo-qa.lib.umd.edu/fcrepo/rest/dc/2021/1/ea/3a/b1/bb/ea3ab1bb-dd49-4311-8ead-a47789592872/m/Aa_WLNFN/f/sqlQGWaB,2023-05-09 22:23:53+00:00
https://fcrepo-qa.lib.umd.edu/fcrepo/rest/dc/2021/1/ea/9f/8d/00/ea9f8d00-05d0-44db-9b6c-efb8bf91eecb/m/ksqyeRu5/f/zZnGzu6c,2023-10-09 19:50:13+00:00
https://fcrepo-qa.lib.umd.edu/fcrepo/rest/dc/2021/1/ea/a0/fa/42/eaa0fa42-efd2-4ecb-8185-76b367bd38aa/m/JZXaLWn4/f/XBvstbwu,2023-05-09 22:22:23+00:00
https://fcrepo-qa.lib.umd.edu/fcrepo/rest/dc/2021/1/ea/c1/e1/dc/eac1e1dc-9ab3-4cf1-a485-f850bd4e25d0/m/veMTUkTI/f/JMTubQPg,2023-05-09 22:27:26+00:00
https://fcrepo-qa.lib.umd.edu/fcrepo/rest/dc/2021/1/ea/48/20/b7/ea4820b7-8350-4a6a-9a7b-7b194a670c78/m/ybKqcxY5/f/8m5dx2qT,2023-10-09 19:55:27+00:00
https://fcrepo-qa.lib.umd.edu/fcrepo/rest/dc/2021/1/b4/ed/60/b9/b4ed60b9-5adc-453c-bac5-c24b94b16e93/m/d4Vkf_DV/f/NOIXjWma,2022-12-14 18:55:25+00:00
https://fcrepo-qa.lib.umd.edu/fcrepo/rest/dc/2021/1/b4/ed/60/b9/b4ed60b9-5adc-453c-bac5-c24b94b16e93/m/jk1LhLGZ/f/acIpDg18,2022-12-14 18:55:25+00:00
https://fcrepo-qa.lib.umd.edu/fcrepo/rest/dc/2021/1/b4/ed/60/b9/b4ed60b9-5adc-453c-bac5-c24b94b16e93/m/AKpx6_Cb/f/kFf9MS4Z,2022-12-14 18:55:25+00:00
https://fcrepo-qa.lib.umd.edu/fcrepo/rest/dc/2021/1/b4/ed/60/b9/b4ed60b9-5adc-453c-bac5-c24b94b16e93/m/UNsPAyQR/f/4qBUqTgt,2022-12-14 18:55:25+00:00
https://fcrepo-qa.lib.umd.edu/fcrepo/rest/dc/2021/1/b4/ed/60/b9/b4ed60b9-5adc-453c-bac5-c24b94b16e93/m/YZjzR2zA/f/_uaMNciA,2022-12-14 18:55:25+00:00
https://fcrepo-qa.lib.umd.edu/fcrepo/rest/dc/2021/1/b4/dc/61/25/b4dc6125-ca46-4e39-82e7-cdb141151e0c/m/2Xb-gEeY/f/bzNyqc3J,2022-12-14 19:01:33+00:00
https://fcrepo-qa.lib.umd.edu/fcrepo/rest/dc/2021/1/b4/dc/61/25/b4dc6125-ca46-4e39-82e7-cdb141151e0c/m/lP8aHQph/f/90gZZ1k0,2022-12-14 19:01:33+00:00
https://fcrepo-qa.lib.umd.edu/fcrepo/rest/dc/2021/1/b4/dc/61/25/b4dc6125-ca46-4e39-82e7-cdb141151e0c/m/WLlX1Tp1/f/drLHVtLA,2022-12-14 19:01:33+00:00
https://fcrepo-qa.lib.umd.edu/fcrepo/rest/dc/2021/1/b4/dc/61/25/b4dc6125-ca46-4e39-82e7-cdb141151e0c/m/SmQgq_Qn/f/B54savCi,2022-12-14 19:01:33+00:00
https://fcrepo-qa.lib.umd.edu/fcrepo/rest/dc/2021/1/b4/2b/58/f9/b42b58f9-3d27-4289-8870-4c5521cf8079/m/2Alkylpe/f/adfP-yQu,2023-05-06 15:03:20+00:00
https://fcrepo-qa.lib.umd.edu/fcrepo/rest/dc/2021/1/b4/2b/58/f9/b42b58f9-3d27-4289-8870-4c5521cf8079/m/GMiB_AMc/f/Z5xo10aU,2023-05-06 15:03:20+00:00
https://fcrepo-qa.lib.umd.edu/fcrepo/rest/dc/2021/1/b4/6a/8a/94/b46a8a94-6160-47a6-9a4f-6c6be4c3c81d/m/-68ETTWu/f/NRarQcm-,2023-10-09 19:15:50+00:00
https://fcrepo-qa.lib.umd.edu/fcrepo/rest/dc/2021/1/b4/96/8c/83/b4968c83-6786-4136-83e4-b901ee3a667c/m/5sDRu3Ln/f/kzsZ4Dc3,2022-12-14 19:06:40+00:00
https://fcrepo-qa.lib.umd.edu/fcrepo/rest/dc/2021/1/b4/bb/26/0c/b4bb260c-c4ca-45b7-8225-d9791cc14a8e/m/Uk72yqzM/f/Xf4mL-Xe,2022-12-14 18:46:03+00:00
https://fcrepo-qa.lib.umd.edu/fcrepo/rest/dc/2021/1/b4/24/81/23/b4248123-d3a1-4f7c-a3bb-03925126c980/m/h8mlFwDH/f/_2qRjaIk,2023-05-06 14:59:09+00:00
https://fcrepo-qa.lib.umd.edu/fcrepo/rest/dc/2021/1/b4/69/1e/ff/b4691eff-e922-4a1e-ac58-2ecc0224f1b8/m/jWl_Dj1S/f/fcKQkDhi,2022-12-14 19:07:50+00:00
https://fcrepo-qa.lib.umd.edu/fcrepo/rest/dc/2021/1/b4/db/fb/03/b4dbfb03-c547-44cc-8ec1-2588df5751b2/m/w_lPi6_s/f/HiK_-VCn,2023-10-09 19:50:27+00:00
https://fcrepo-qa.lib.umd.edu/fcrepo/rest/dc/2021/1/17/79/8c/fc/17798cfc-eda6-457d-824e-47daeea65595/m/TL5D8xvk/f/yVyfKCVh,2023-10-09 20:28:19+00:00
https://fcrepo-qa.lib.umd.edu/fcrepo/rest/dc/2021/1/17/ba/88/da/17ba88da-e5f7-4642-b6d4-431b258dc77d/m/wzaXMp5H/f/MbDobY-u,2023-10-09 20:54:03+00:00
https://fcrepo-qa.lib.umd.edu/fcrepo/rest/dc/2021/1/17/c9/c9/b2/17c9c9b2-eec7-4b66-bcc3-abc7e1e76e30/m/nKgC-iMi/f/2sIpalO9,2025-06-03 20:16:44+00:00
https://fcrepo-qa.lib.umd.edu/fcrepo/rest/dc/2021/1/17/bd/84/d7/17bd84d7-0a87-4fb3-9aa7-4231244b4b49/m/2d4UkXc0/f/OgrXmNiY,2023-05-06 15:02:56+00:00
https://fcrepo-qa.lib.umd.edu/fcrepo/rest/dc/2021/1/17/c9/96/24/17c99624-2685-4bb0-baf3-c6440f40ffb2/m/PF6KOv8i/f/8kk2jLjl,2023-10-09 20:27:05+00:00
https://fcrepo-qa.lib.umd.edu/fcrepo/rest/dc/2021/1/17/ef/6f/f7/17ef6ff7-32a3-43b2-b177-900b4af6fb8a/m/gBwlMlIw/f/F9BJgSH9,2023-10-09 19:47:24+00:00
https://fcrepo-qa.lib.umd.edu/fcrepo/rest/dc/2021/1/17/d1/10/02/17d11002-3e9d-47b9-a40e-3d0c41f9987e/m/KAAe4HHV/f/jFrQ4c2d,2023-10-09 20:50:42+00:00
https://fcrepo-qa.lib.umd.edu/fcrepo/rest/dc/2021/1/17/0b/a9/a3/170ba9a3-dd3c-4cbb-b598-35a878d575d0/m/zUED3jQz/f/AI5VlwHS,2023-10-09 20:50:26+00:00
https://fcrepo-qa.lib.umd.edu/fcrepo/rest/dc/2021/1/17/f9/cd/d5/17f9cdd5-aa5a-4ea2-8d38-491381bac03e/m/opq2WPZz/f/EKiUJC7x,2023-10-09 19:48:00+00:00
https://fcrepo-qa.lib.umd.edu/fcrepo/rest/dc/2021/1/bb/b1/58/ca/bbb158ca-31dc-42ac-8961-5860c5ce3b52/m/zOliczvc/f/N3U-d8ss,2025-06-09 18:24:12+00:00
https://fcrepo-qa.lib.umd.edu/fcrepo/rest/dc/2021/1/bb/30/86/90/bb308690-d912-42ef-9dc1-0837dd5b2668/m/nPZQY_WU/f/jFOlpUmC,2025-06-18 03:24:03+00:00
https://fcrepo-qa.lib.umd.edu/fcrepo/rest/dc/2021/1/bb/99/0d/86/bb990d86-f288-465a-999c-2bca9d86ff8d/m/XoEU23GU/f/69-7NEZB,2025-06-23 17:17:57+00:00
https://fcrepo-qa.lib.umd.edu/fcrepo/rest/dc/2021/1/bb/bf/6b/34/bbbf6b34-979d-45b0-94db-fff2d6f9c5f2/m/qt2g6HA3/f/1DvgA4yE,2025-06-17 15:16:28+00:00
https://fcrepo-qa.lib.umd.edu/fcrepo/rest/dc/2021/1/bb/f9/75/4c/bbf9754c-ae75-45b7-95e9-14683f0f8cf6/m/RwFt0YUp/f/eqhM15qF,2025-06-09 19:11:30+00:00
https://fcrepo-qa.lib.umd.edu/fcrepo/rest/dc/2021/1/bb/68/89/7c/bb68897c-297f-4ecd-93ce-15c06ce4cf60/m/_Ec9U7ij/f/e67eS1Gu,2025-06-17 15:32:28+00:00
https://fcrepo-qa.lib.umd.edu/fcrepo/rest/dc/2021/1/75/ec/6a/45/75ec6a45-884b-4165-be5f-a2b290ae9827/m/HramFccC/f/DK9pll0L,2021-02-01 22:55:40+00:00
https://fcrepo-qa.lib.umd.edu/fcrepo/rest/dc/2021/1/75/66/65/f6/756665f6-d65a-4b9a-8374-c66db11312ec/m/CS9G4Kf5/f/kWqn6F1z,2021-02-01 22:52:59+00:00
https://fcrepo-qa.lib.umd.edu/fcrepo/rest/dc/2021/1/75/4d/d4/57/754dd457-9ada-4159-b3cc-47a77849cc60/m/b--r1KYo/f/d4K9fwV9,2021-02-02 01:37:32+00:00
https://fcrepo-qa.lib.umd.edu/fcrepo/rest/dc/2021/1/2f/77/db/c6/2f77dbc6-dba0-4ac0-aa30-738bf1503c0e/m/RhDYmfWz/f/hoLEFLGL,2025-06-21 03:39:36+00:00
https://fcrepo-qa.lib.umd.edu/fcrepo/rest/dc/2021/1/2f/7b/67/52/2f7b6752-bccc-441a-aff9-35a8692479a9/m/3D1JSKoA/f/fjRch4Z6,2025-06-09 19:00:28+00:00
https://fcrepo-qa.lib.umd.edu/fcrepo/rest/dc/2021/1/2f/8f/19/44/2f8f1944-ebf9-4115-8f70-e289e5b1e8b0/m/a7bM8lwT/f/XqZ80vyY,2025-06-21 03:34:43+00:00
https://fcrepo-qa.lib.umd.edu/fcrepo/rest/dc/2021/1/2f/ad/50/91/2fad5091-fb33-468d-8d76-5d040be0d9a6/m/2B8C4AuN/f/O-Fsqxdf,2025-06-09 18:32:52+00:00
https://fcrepo-qa.lib.umd.edu/fcrepo/rest/dc/2021/1/2f/88/cb/c2/2f88cbc2-38ce-41cc-851d-13c44974a9d4/m/tr7yE7gN/f/_LSSUIOm,2025-06-18 03:21:56+00:00
https://fcrepo-qa.lib.umd.edu/fcrepo/rest/dc/2021/1/ed/f6/15/bd/edf615bd-b0ba-4dfa-814b-f19f6e812402/m/Pz-c7F2_/f/9grto89R,2021-02-02 01:35:59+00:00
https://fcrepo-qa.lib.umd.edu/fcrepo/rest/dc/2021/1/ed/8f/f5/3d/ed8ff53d-e8bd-4167-8ba0-311840661467/m/fqFgpaN3/f/Zq6wiBSS,2021-02-02 15:55:59+00:00
https://fcrepo-qa.lib.umd.edu/fcrepo/rest/dc/2021/1/ed/18/6a/3d/ed186a3d-6c7d-4e6a-a43a-1813e015e5c9/m/SWOD5Poa/f/9Lq1Lkp4,2021-02-01 22:53:01+00:00
https://fcrepo-qa.lib.umd.edu/fcrepo/rest/dc/2021/1/ed/4b/f7/67/ed4bf767-6821-4f81-90ce-06f097917488/m/mEImWKd1/f/NeqaGZt-,2021-02-02 01:37:46+00:00
https://fcrepo-qa.lib.umd.edu/fcrepo/rest/dc/2021/1/26/39/68/6d/2639686d-9348-4572-9fd8-33b9bd27a6fd/m/q7Rvn0di/f/APUPLz2g,2024-08-28 21:45:31+00:00
https://fcrepo-qa.lib.umd.edu/fcrepo/rest/dc/2021/1/26/39/68/6d/2639686d-9348-4572-9fd8-33b9bd27a6fd/m/s8BpP4Ax/f/R13jqR4R,2024-08-28 21:45:31+00:00
https://fcrepo-qa.lib.umd.edu/fcrepo/rest/dc/2021/1/26/39/68/6d/2639686d-9348-4572-9fd8-33b9bd27a6fd/m/sHYoS0eo/f/em8fB1nD,2024-08-28 21:45:31+00:00
https://fcrepo-qa.lib.umd.edu/fcrepo/rest/dc/2021/1/26/39/68/6d/2639686d-9348-4572-9fd8-33b9bd27a6fd/m/QVQioeIf/f/Pdmbx20H,2024-08-28 21:45:31+00:00
https://fcrepo-qa.lib.umd.edu/fcrepo/rest/dc/2021/1/26/39/68/6d/2639686d-9348-4572-9fd8-33b9bd27a6fd/m/wU5ROVla/f/X7Gf5AUP,2024-08-28 21:45:31+00:00
https://fcrepo-qa.lib.umd.edu/fcrepo/rest/dc/2021/1/26/39/68/6d/2639686d-9348-4572-9fd8-33b9bd27a6fd/m/Ln3s0Tlc/f/0hJTFS3E,2024-08-28 21:45:31+00:00
https://fcrepo-qa.lib.umd.edu/fcrepo/rest/dc/2021/1/26/39/68/6d/2639686d-9348-4572-9fd8-33b9bd27a6fd/m/rIB7xs8J/f/WbUy1mBr,2024-08-28 21:45:31+00:00
https://fcrepo-qa.lib.umd.edu/fcrepo/rest/dc/2021/1/26/96/9f/53/26969f53-231a-4d25-b1b9-117cd501ef13/m/WRDb5IRw/f/rtghNWRk,2024-08-29 13:51:29+00:00
https://fcrepo-qa.lib.umd.edu/fcrepo/rest/dc/2021/1/26/96/9f/53/26969f53-231a-4d25-b1b9-117cd501ef13/m/nKHfxEVr/f/vSIP3z4_,2024-08-29 13:51:29+00:00
https://fcrepo-qa.lib.umd.edu/fcrepo/rest/dc/2021/1/26/55/08/84/26550884-aa35-4832-849c-e6ce5d7eb422/m/sxOZSi9J/f/HVMFwsSS,2023-10-09 20:31:20+00:00
https://fcrepo-qa.lib.umd.edu/fcrepo/rest/dc/2021/1/26/55/08/84/26550884-aa35-4832-849c-e6ce5d7eb422/m/voBYogX7/f/X0MjfsDy,2023-10-09 20:31:20+00:00
https://fcrepo-qa.lib.umd.edu/fcrepo/rest/dc/2021/1/26/50/ec/e0/2650ece0-4a2f-4dec-be67-12e5f353149f/m/HmdAADm7/f/X-AsmG2v,2023-10-09 20:32:29+00:00
https://fcrepo-qa.lib.umd.edu/fcrepo/rest/dc/2021/1/26/50/ec/e0/2650ece0-4a2f-4dec-be67-12e5f353149f/m/3PY7w1dp/f/b-07VelN,2023-10-09 20:32:29+00:00
https://fcrepo-qa.lib.umd.edu/fcrepo/rest/dc/2021/1/26/57/45/07/26574507-74c7-4619-9fbb-7431f43d4ca2/m/sQ5cf168/f/zoTRHb9E,2024-08-29 13:44:45+00:00
https://fcrepo-qa.lib.umd.edu/fcrepo/rest/dc/2021/1/26/a4/0a/bc/26a40abc-67f0-491f-8e46-28a19ba3afef/m/D-gHtyj8/f/9SCLCr0U,2024-08-28 21:51:23+00:00
https://fcrepo-qa.lib.umd.edu/fcrepo/rest/dc/2021/1/26/18/aa/8c/2618aa8c-1b10-440c-b56e-b201e16eb606/m/Y7wzntIB/f/_Vu4xc4T,2023-10-09 21:02:18+00:00
https://fcrepo-qa.lib.umd.edu/fcrepo/rest/dc/2021/1/26/e5/79/6e/26e5796e-5130-417c-ab1f-93c44f073ffe/m/XYcat-q-/f/_qP9CKoB,2024-05-15 22:50:07+00:00
https://fcrepo-qa.lib.umd.edu/fcrepo/rest/dc/2021/1/26/b9/3f/84/26b93f84-677e-4d1f-9535-3b9af1d01343/m/f5nJdmVj/f/Ox4c3wnV,2024-05-15 23:21:13+00:00
https://fcrepo-qa.lib.umd.edu/fcrepo/rest/dc/2021/1/5d/7f/47/37/5d7f4737-7c10-4181-8294-7b1eb4c47859/m/qdvT00cX/f/GJytZOvJ,2025-06-17 15:33:11+00:00
https://fcrepo-qa.lib.umd.edu/fcrepo/rest/dc/2021/1/5d/18/1e/d2/5d181ed2-d842-4703-bf08-89927c17609b/m/3sYOOaAB/f/C964GhGz,2025-06-09 18:21:56+00:00
https://fcrepo-qa.lib.umd.edu/fcrepo/rest/dc/2021/1/5d/e4/fb/69/5de4fb69-3bfd-4226-ba01-dd95b4ae7e91/m/ZRU1Pqsq/f/BEtMXUlk,2025-06-03 20:11:31+00:00
https://fcrepo-qa.lib.umd.edu/fcrepo/rest/dc/2021/1/5d/e4/fb/69/5de4fb69-3bfd-4226-ba01-dd95b4ae7e91/m/yF7bm_KE/f/GaMjvWWY,2025-06-03 20:11:31+00:00
https://fcrepo-qa.lib.umd.edu/fcrepo/rest/dc/2021/1/5d/e4/fb/69/5de4fb69-3bfd-4226-ba01-dd95b4ae7e91/m/5MngAM9J/f/fqPIm0mv,2025-06-03 20:11:31+00:00
https://fcrepo-qa.lib.umd.edu/fcrepo/rest/dc/2021/1/5d/04/24/32/5d042432-cd8d-4d8b-a7d1-0e97f31a1e11/m/Bs_xJ41O/f/V6j5w205,2025-06-09 18:23:48+00:00
https://fcrepo-qa.lib.umd.edu/fcrepo/rest/dc/2021/1/5d/f5/15/08/5df51508-6e1c-4de4-8467-60f3864fd6c5/m/Ovn_K_Vu/f/scVlV__w,2025-06-17 15:36:26+00:00
https://fcrepo-qa.lib.umd.edu/fcrepo/rest/dc/2021/1/5d/c7/d3/eb/5dc7d3eb-f33b-44c9-91a7-27b891b30b95/m/GvSi11zg/f/AIHg_M6L,2025-06-03 20:29:39+00:00
https://fcrepo-qa.lib.umd.edu/fcrepo/rest/dc/2021/1/5d/55/36/03/5d553603-1e16-4057-9d2d-b49a4c67d215/m/--Olt4gO/f/-4cYCenz,2025-06-09 18:25:19+00:00
https://fcrepo-qa.lib.umd.edu/fcrepo/rest/dc/2021/1/9e/36/e4/87/9e36e487-aa23-4bec-bf20-d19f898fd516/m/BRysV2Kd/f/kA4tHNWi,2021-02-01 22:54:28+00:00
https://fcrepo-qa.lib.umd.edu/fcrepo/rest/dc/2021/1/9e/34/cd/a5/9e34cda5-f83f-4bb1-93d1-ae4abf9a75a4/m/nODXKYYT/f/u-_-BeGR,2021-02-01 22:53:07+00:00
https://fcrepo-qa.lib.umd.edu/fcrepo/rest/dc/2021/1/be/c7/a5/63/bec7a563-ba4a-4749-8eae-52be7869bcc8/m/t4UXAySq/f/Vh5LM93O,2021-08-25 03:06:54+00:00
https://fcrepo-qa.lib.umd.edu/fcrepo/rest/dc/2021/1/d7/f3/1f/d3/d7f31fd3-5fbd-4183-bbbb-500084b9c8d4/m/PC1iTytJ/f/tZkjpfBc,2025-06-09 19:12:07+00:00
https://fcrepo-qa.lib.umd.edu/fcrepo/rest/dc/2021/1/be/4e/b6/81/be4eb681-ff14-43a9-940b-f8ef4ee584fa/m/3MIeUXxm/f/iJt6zDBZ,2021-08-25 03:01:52+00:00
https://fcrepo-qa.lib.umd.edu/fcrepo/rest/dc/2021/1/d7/a3/25/4f/d7a3254f-e3af-4d25-92c6-5440149eaf36/m/meciNSff/f/DswphUoe,2025-06-21 03:38:01+00:00
https://fcrepo-qa.lib.umd.edu/fcrepo/rest/dc/2021/1/d7/0f/c7/24/d70fc724-a225-42c9-ac62-0e1ef7e62292/m/aW-ZFHb1/f/VjW9WmGf,2025-06-17 15:17:58+00:00
https://fcrepo-qa.lib.umd.edu/fcrepo/rest/dc/2021/1/be/30/55/fe/be3055fe-7591-4dc0-825c-01f579a348f3/m/sXSFTS33/f/-4L1764V,2021-02-02 01:33:07+00:00
https://fcrepo-qa.lib.umd.edu/fcrepo/rest/dc/2021/1/be/30/55/fe/be3055fe-7591-4dc0-825c-01f579a348f3/m/K0moKZPq/f/-_zZhyAg,2021-02-02 01:33:07+00:00
https://fcrepo-qa.lib.umd.edu/fcrepo/rest/dc/2021/1/be/0b/e4/ba/be0be4ba-f738-457d-9ad9-88832c97370d/m/-yGD6pxP/f/zmeIjmFG,2021-02-01 22:53:52+00:00
https://fcrepo-qa.lib.umd.edu/fcrepo/rest/dc/2021/1/be/08/89/6b/be08896b-b140-4c8a-9c54-1d3b4e73bbbc/m/s4oXaS4H/f/55jLlf-u,2021-02-02 01:33:58+00:00
https://fcrepo-qa.lib.umd.edu/fcrepo/rest/dc/2021/1/88/c6/e1/46/88c6e146-8b2c-4622-9b28-c87c8a5310fd/m/afqaRJgn/f/ti4FkX8Y,2022-12-14 19:07:48+00:00
https://fcrepo-qa.lib.umd.edu/fcrepo/rest/dc/2021/1/88/c6/e1/46/88c6e146-8b2c-4622-9b28-c87c8a5310fd/m/_HtXARio/f/eVE-KnFO,2022-12-14 19:07:48+00:00
https://fcrepo-qa.lib.umd.edu/fcrepo/rest/dc/2021/1/88/c6/e1/46/88c6e146-8b2c-4622-9b28-c87c8a5310fd/m/SRo10oxy/f/a6xFopq3,2022-12-14 19:07:48+00:00
https://fcrepo-qa.lib.umd.edu/fcrepo/rest/dc/2021/1/88/59/46/88/88594688-30aa-4081-98ca-fe6bc627b526/m/MUpyKm2o/f/9sHfNQ1W,2022-12-14 18:55:10+00:00
https://fcrepo-qa.lib.umd.edu/fcrepo/rest/dc/2021/1/88/59/46/88/88594688-30aa-4081-98ca-fe6bc627b526/m/-JifuHoq/f/19OkX8Mj,2022-12-14 18:55:10+00:00
https://fcrepo-qa.lib.umd.edu/fcrepo/rest/dc/2021/1/88/59/46/88/88594688-30aa-4081-98ca-fe6bc627b526/m/rxTo3Jrm/f/fJJd-smC,2022-12-14 18:55:10+00:00
https://fcrepo-qa.lib.umd.edu/fcrepo/rest/dc/2021/1/88/24/15/cc/882415cc-3da1-44a0-9e46-16fec8f3b06e/m/bufaCEDO/f/N4XCASTL,2022-12-14 19:07:16+00:00
https://fcrepo-qa.lib.umd.edu/fcrepo/rest/dc/2021/1/88/91/1f/06/88911f06-b09e-4073-a6d3-06ded1b6cc56/m/czjKAEqB/f/XgrbZxiQ,2022-12-14 18:50:46+00:00
https://fcrepo-qa.lib.umd.edu/fcrepo/rest/dc/2021/1/88/31/4f/5e/88314f5e-7750-487c-a630-f274fdee739d/m/jHUWosxv/f/X6YznGVk,2022-12-14 18:46:30+00:00
https://fcrepo-qa.lib.umd.edu/fcrepo/rest/dc/2021/1/88/13/cd/f5/8813cdf5-59e1-4f6b-a662-16c4c2711e61/m/r2ETn8jI/f/3fW_wh7D,2023-05-06 15:05:00+00:00
https://fcrepo-qa.lib.umd.edu/fcrepo/rest/dc/2021/1/88/7d/8c/1f/887d8c1f-ffed-49ec-b786-6d6c9ad5c834/m/Dpqlti7h/f/QdaB9HTx,2021-02-02 01:36:20+00:00
https://fcrepo-qa.lib.umd.edu/fcrepo/rest/dc/2021/1/88/5a/31/6a/885a316a-b0a6-4eda-96bb-faaa00388f47/m/tkw_GIdu/f/ToeRhYOt,2021-02-02 01:36:49+00:00
https://fcrepo-qa.lib.umd.edu/fcrepo/rest/dc/2021/1/88/e1/f3/dd/88e1f3dd-30bd-4950-851d-423447649d36/m/9HqjZXTc/f/kVimJ9jk,2021-02-02 01:39:10+00:00
https://fcrepo-qa.lib.umd.edu/fcrepo/rest/dc/2021/1/88/9f/5b/2a/889f5b2a-e2e6-4b60-a8c8-1a8b22929f69/m/KPEitmnv/f/E49ksyRz,2021-02-02 01:34:45+00:00
https://fcrepo-qa.lib.umd.edu/fcrepo/rest/dc/2021/1/88/3c/4a/e1/883c4ae1-aa9d-44a4-84da-62c325b136e6/m/NHwrsDMf/f/jiLy6Lxc,2023-05-09 22:27:31+00:00
https://fcrepo-qa.lib.umd.edu/fcrepo/rest/dc/2021/1/88/d2/bb/b4/88d2bbb4-45f8-4cb1-8770-8aa2c38a5688/m/78TcHe3y/f/F56rTDzF,2023-10-09 20:34:06+00:00
https://fcrepo-qa.lib.umd.edu/fcrepo/rest/dc/2021/1/88/58/28/58/88582858-bd05-4b31-8c96-f7d8973288f5/m/X_FJXc5v/f/6DUfWtLc,2023-10-09 21:01:31+00:00
https://fcrepo-qa.lib.umd.edu/fcrepo/rest/dc/2021/1/88/1d/57/c3/881d57c3-0ea2-4d53-ab31-113ca0e76696/m/rfviHA69/f/orkDubGf,2023-10-09 19:15:19+00:00
https://fcrepo-qa.lib.umd.edu/fcrepo/rest/dc/2021/1/88/5c/89/3e/885c893e-961b-416b-9835-82c7673b6510/m/ajqsrqJo/f/gVw7XTkd,2023-05-09 22:22:19+00:00
https://fcrepo-qa.lib.umd.edu/fcrepo/rest/dc/2021/1/88/99/6e/3e/88996e3e-3103-4537-bab1-e94fa7949717/m/DT_2kB7y/f/epcgEoCJ,2023-10-09 20:49:14+00:00
https://fcrepo-qa.lib.umd.edu/fcrepo/rest/dc/2021/1/88/d3/d8/c0/88d3d8c0-c3a4-46d0-9136-87bd3c885ee1/m/5sagJDEF/f/0F5cRnH5,2023-10-09 20:49:58+00:00
https://fcrepo-qa.lib.umd.edu/fcrepo/rest/dc/2021/1/88/f1/e6/da/88f1e6da-4785-44a2-a2cc-72fc735720c8/m/4nLaBaA_/f/hN_26YR_,2023-10-09 20:23:35+00:00
https://fcrepo-qa.lib.umd.edu/fcrepo/rest/dc/2021/1/88/69/fd/ad/8869fdad-6c1c-4aa6-b7dc-35fd4f6e92f7/m/JonfxA93/f/oGvrDwb4,2023-05-09 22:29:44+00:00
https://fcrepo-qa.lib.umd.edu/fcrepo/rest/dc/2021/1/88/96/bf/d4/8896bfd4-5c73-4fa3-9e00-5426f5b23fff/m/aBetxs5g/f/Tydy1rfN,2025-06-17 15:33:07+00:00
https://fcrepo-qa.lib.umd.edu/fcrepo/rest/dc/2021/1/88/96/bf/d4/8896bfd4-5c73-4fa3-9e00-5426f5b23fff/m/T3NYo6Sg/f/1JGkr8Zc,2025-06-17 15:33:07+00:00
https://fcrepo-qa.lib.umd.edu/fcrepo/rest/dc/2021/1/88/96/bf/d4/8896bfd4-5c73-4fa3-9e00-5426f5b23fff/m/kMTm1F95/f/Xt-KZWKI,2025-06-17 15:33:07+00:00
https://fcrepo-qa.lib.umd.edu/fcrepo/rest/dc/2021/1/88/1c/51/c1/881c51c1-b56a-4ddc-9f12-3b96a2314bac/m/KkEFvLk-/f/dlLn1DMc,2024-08-29 14:50:53+00:00
https://fcrepo-qa.lib.umd.edu/fcrepo/rest/dc/2021/1/88/75/6d/df/88756ddf-e8bf-45b2-a60f-7a51b953dfe8/m/7mLJtk-B/f/mpGw75pF,2024-09-17 21:07:00+00:00
https://fcrepo-qa.lib.umd.edu/fcrepo/rest/dc/2021/1/88/7f/08/d3/887f08d3-8da8-4c89-9f9b-ac8646ae2702/m/P_VBWXY5/f/yGWl8fDU,2025-06-18 03:12:04+00:00
https://fcrepo-qa.lib.umd.edu/fcrepo/rest/dc/2021/1/88/96/ab/cc/8896abcc-b4cd-4f88-933f-d93139b2020f/m/RCliCMc0/f/IBFDx825,2025-06-21 03:39:25+00:00
https://fcrepo-qa.lib.umd.edu/fcrepo/rest/dc/2021/1/88/1e/9e/a3/881e9ea3-996c-4996-873a-93d1f3cc8085/m/l1cUpBTn/f/7o6dvuTY,2025-06-18 03:07:50+00:00
https://fcrepo-qa.lib.umd.edu/fcrepo/rest/dc/2021/1/88/4e/b5/d5/884eb5d5-5542-4b38-a986-c2e718dc3ddd/m/xh2EqNEm/f/7M49uLwm,2024-08-28 21:35:04+00:00
https://fcrepo-qa.lib.umd.edu/fcrepo/rest/dc/2021/1/88/97/b8/a0/8897b8a0-a5b7-4497-98f2-649358361eba/m/JSEbxZCg/f/x9Y-Gt7N,2024-05-15 23:16:28+00:00
https://fcrepo-qa.lib.umd.edu/fcrepo/rest/dc/2021/1/88/45/b5/8d/8845b58d-0377-4b13-a1b9-b35e8901378c/m/BhLjPtBG/f/FreB_Q76,2025-06-17 15:33:24+00:00
https://fcrepo-qa.lib.umd.edu/fcrepo/rest/dc/2021/1/88/e3/03/59/88e30359-6b40-49f5-af72-2b5deed7a1b0/m/XBfY4Yk0/f/NcUBLBhS,2025-06-21 03:46:24+00:00
https://fcrepo-qa.lib.umd.edu/fcrepo/rest/dc/2021/1/88/e3/03/59/88e30359-6b40-49f5-af72-2b5deed7a1b0/m/Af7clEOR/f/xg9iiQtS,2025-06-21 03:46:24+00:00
https://fcrepo-qa.lib.umd.edu/fcrepo/rest/dc/2021/1/88/e6/9f/1f/88e69f1f-e749-4a35-aa42-01305275680e/m/b7UQUVSR/f/vuRi32Bu,2025-06-20 22:37:54+00:00
https://fcrepo-qa.lib.umd.edu/fcrepo/rest/dc/2021/1/f7/72/9b/50/f7729b50-dcf2-4e2d-8700-410ebc2ee971/m/cDfu6CQZ/f/TXe1Rsx_,2024-08-29 15:02:12+00:00
https://fcrepo-qa.lib.umd.edu/fcrepo/rest/dc/2021/1/f7/72/8e/cc/f7728ecc-c721-4e05-be40-709914afefe6/m/p1_IS94_/f/lU02AcA_,2021-02-02 15:54:48+00:00
https://fcrepo-qa.lib.umd.edu/fcrepo/rest/dc/2021/1/f7/3b/91/47/f73b9147-b168-452f-bd71-570d90b0efdf/m/xoRsF5b6/f/RGAg5cxT,2021-02-01 22:55:09+00:00
https://fcrepo-qa.lib.umd.edu/fcrepo/rest/dc/2021/1/f7/d6/2e/09/f7d62e09-bee9-4be8-b221-4156c90356e1/m/5YprxG5P/f/WRx8NlJW,2021-02-02 01:35:03+00:00
https://fcrepo-qa.lib.umd.edu/fcrepo/rest/dc/2021/1/f7/7d/24/90/f77d2490-a54f-4466-a02f-45953043da27/m/sw52HVdd/f/sWslHdXA,2021-02-02 01:34:26+00:00
https://fcrepo-qa.lib.umd.edu/fcrepo/rest/dc/2021/1/f7/99/35/0c/f799350c-d879-42a8-87d0-2f2830784e03/m/ZrKABZa4/f/AFUgVcXR,2021-02-01 22:54:39+00:00
https://fcrepo-qa.lib.umd.edu/fcrepo/rest/dc/2021/1/f7/f9/91/e4/f7f991e4-a3c1-409a-bd30-30032d169049/m/yWjC7DsO/f/lqqOczFk,2021-02-02 01:38:54+00:00
https://fcrepo-qa.lib.umd.edu/fcrepo/rest/dc/2021/1/f7/da/f1/17/f7daf117-5b8b-4db9-bfeb-b5ada6e8e938/m/UtXMkAAL/f/R866XDSd,2023-05-05 21:41:31+00:00
https://fcrepo-qa.lib.umd.edu/fcrepo/rest/dc/2021/1/f7/41/df/2b/f741df2b-d548-45c6-8d94-66a31067bbb0/m/E4l-94l8/f/nqJKPCIU,2022-12-14 18:50:33+00:00
https://fcrepo-qa.lib.umd.edu/fcrepo/rest/dc/2021/1/f7/2f/33/e1/f72f33e1-d84c-4cb0-80bf-8fc1cc6e8851/m/cX-g1y7l/f/WoS9i5wC,2022-12-14 19:03:35+00:00
https://fcrepo-qa.lib.umd.edu/fcrepo/rest/dc/2021/1/f7/66/df/69/f766df69-5f1e-4716-90df-c0b9d5699c01/m/1AI2-dO4/f/qIhXhgm-,2021-08-25 03:14:06+00:00
https://fcrepo-qa.lib.umd.edu/fcrepo/rest/dc/2021/1/f7/b9/9b/c8/f7b99bc8-05a7-4e03-a214-9a642c434c9d/m/4HUGvmYP/f/Y6BxAlNr,2021-08-25 03:09:55+00:00
https://fcrepo-qa.lib.umd.edu/fcrepo/rest/dc/2021/1/f7/97/65/38/f7976538-12cd-4fec-877d-5c9d138b7c87/m/dGBDEPq3/f/dVf1TKTx,2022-12-14 18:49:59+00:00
https://fcrepo-qa.lib.umd.edu/fcrepo/rest/dc/2021/1/f7/2f/42/95/f72f4295-7449-4e88-98e4-79feb1c4ba66/m/zaB9ogTP/f/qCKj85PW,2023-05-06 15:05:01+00:00
https://fcrepo-qa.lib.umd.edu/fcrepo/rest/dc/2021/1/f7/97/c0/3c/f797c03c-559a-476a-b6f7-2108c276730d/m/IfGUpgNj/f/ZKA59PXF,2023-05-06 15:01:42+00:00
https://fcrepo-qa.lib.umd.edu/fcrepo/rest/dc/2021/1/f7/9e/f4/a8/f79ef4a8-9e37-4772-98fe-77467adbf751/m/SFkA0I6W/f/a4GhxlwJ,2021-08-25 03:05:17+00:00
https://fcrepo-qa.lib.umd.edu/fcrepo/rest/dc/2021/1/f7/5f/94/68/f75f9468-215b-4fb3-89db-1347a6c3c900/m/HxNUGSQ0/f/J3fR-OSI,2023-10-09 20:30:30+00:00
https://fcrepo-qa.lib.umd.edu/fcrepo/rest/dc/2021/1/f7/8d/ba/4a/f78dba4a-0209-4562-9ed6-8384dc6a13a9/m/77AjvfMV/f/4oqPJZ5G,2023-05-06 15:04:43+00:00
https://fcrepo-qa.lib.umd.edu/fcrepo/rest/dc/2021/1/f7/8d/ba/4a/f78dba4a-0209-4562-9ed6-8384dc6a13a9/m/uvwiRU5j/f/do934HCI,2023-05-06 15:04:43+00:00
https://fcrepo-qa.lib.umd.edu/fcrepo/rest/dc/2021/1/f7/33/6b/e6/f7336be6-cd8f-461e-a5a3-63b5b2c22ebf/m/2UZrc__A/f/PXvaayjv,2024-08-28 21:27:19+00:00
https://fcrepo-qa.lib.umd.edu/fcrepo/rest/dc/2021/1/f7/37/aa/80/f737aa80-9b8e-4b51-a47e-9a5b413fe81d/m/Wy932HTH/f/Q-vZDP1x,2023-10-09 20:20:13+00:00
https://fcrepo-qa.lib.umd.edu/fcrepo/rest/dc/2021/1/f7/f0/41/22/f7f04122-4ead-4022-8e27-a94b635e6a12/m/NT5OrJyr/f/-Yqail3_,2024-12-20 22:12:35+00:00
https://fcrepo-qa.lib.umd.edu/fcrepo/rest/dc/2021/1/f7/f0/3c/2a/f7f03c2a-f300-4a3e-986f-51e933b995dd/m/-8slIjL1/f/kpfnBvm9,2023-10-09 20:19:58+00:00
https://fcrepo-qa.lib.umd.edu/fcrepo/rest/dc/2021/1/f7/2d/a8/dc/f72da8dc-d7f0-4d6c-852c-2b5ea372f807/m/C5uxw31u/f/-NAg-WMQ,2023-05-09 22:25:45+00:00
https://fcrepo-qa.lib.umd.edu/fcrepo/rest/dc/2021/1/f7/09/86/9e/f709869e-fb4b-400a-bfcf-f8c8aa49ef33/m/7_98HC5u/f/e09zpcVD,2024-05-15 22:45:44+00:00
https://fcrepo-qa.lib.umd.edu/fcrepo/rest/dc/2021/1/f7/c9/bd/03/f7c9bd03-d48c-416d-b6b6-7cce598e8b8a/m/T19Do9FK/f/OF3o6BKY,2023-05-09 22:29:39+00:00
https://fcrepo-qa.lib.umd.edu/fcrepo/rest/dc/2021/1/f7/18/3e/f4/f7183ef4-9ec1-46c1-abbf-6100fc31b4f1/m/5rwOpEhJ/f/at5KCLCB,2025-06-09 18:33:03+00:00
https://fcrepo-qa.lib.umd.edu/fcrepo/rest/dc/2021/1/f7/a2/4f/c5/f7a24fc5-dd83-4170-8099-774ecbcbfd2c/m/1coCqhdK/f/cOzgTDrZ,2025-05-19 21:39:16+00:00
https://fcrepo-qa.lib.umd.edu/fcrepo/rest/dc/2021/1/f7/2b/bd/6f/f72bbd6f-042e-4fa0-b7a6-3ef778b5a9f2/m/KKpSU8dw/f/JEjI0UDq,2024-08-29 14:07:58+00:00
https://fcrepo-qa.lib.umd.edu/fcrepo/rest/dc/2021/1/f7/54/b4/c0/f754b4c0-6bfe-4fb6-82ed-45096cd49bd0/m/8YaWY9Lh/f/n9Vxk-1q,2025-06-03 20:31:46+00:00
https://fcrepo-qa.lib.umd.edu/fcrepo/rest/dc/2021/1/f7/d3/c6/75/f7d3c675-60cf-4c6e-bfd4-d81789519fb3/m/3fR1l6FW/f/TTlhMRsx,2025-06-03 20:36:58+00:00
https://fcrepo-qa.lib.umd.edu/fcrepo/rest/dc/2021/1/f7/b8/a2/9c/f7b8a29c-389a-4e12-8e8c-d78d768bbec7/m/zciUCikn/f/NgRLbsSE,2025-06-03 20:32:19+00:00
https://fcrepo-qa.lib.umd.edu/fcrepo/rest/dc/2021/1/f7/9c/03/25/f79c0325-13db-455d-91c0-e0e07b78d90d/m/WOs7Q15x/f/tfyvPZlR,2024-08-29 14:38:16+00:00
https://fcrepo-qa.lib.umd.edu/fcrepo/rest/dc/2021/1/f7/79/74/d4/f77974d4-292f-4878-8fdf-c9cc0d07c5fe/m/g4MUQI7e/f/uUzwssKW,2025-06-03 20:37:06+00:00
https://fcrepo-qa.lib.umd.edu/fcrepo/rest/dc/2021/1/f7/92/d4/9a/f792d49a-4ef5-4ac1-999d-24c94fe211be/m/J-RMNyQV/f/0v110Gmm,2025-05-19 21:50:47+00:00
https://fcrepo-qa.lib.umd.edu/fcrepo/rest/dc/2021/1/79/fe/36/28/79fe3628-0ef4-4414-ab9a-3cbfbba60a1a/m/8HVkfcHB/f/1XgZ5rnG,2024-09-23 13:53:53+00:00
https://fcrepo-qa.lib.umd.edu/fcrepo/rest/dc/2021/1/79/fe/36/28/79fe3628-0ef4-4414-ab9a-3cbfbba60a1a/m/8OWpTmpy/f/eSXxK-f8,2024-09-23 13:53:53+00:00
https://fcrepo-qa.lib.umd.edu/fcrepo/rest/dc/2021/1/79/0c/66/26/790c6626-4b0d-4722-80b8-735cf54f42b7/m/Tzd4mwxS/f/orS8tI93,2022-12-14 18:53:10+00:00
https://fcrepo-qa.lib.umd.edu/fcrepo/rest/dc/2021/1/f7/06/eb/d3/f706ebd3-8467-4618-86af-857aa23a16c7/m/g-g5s9AA/f/ixbmhQ1b,2025-06-17 15:36:29+00:00
https://fcrepo-qa.lib.umd.edu/fcrepo/rest/dc/2021/1/f7/16/eb/aa/f716ebaa-2d3d-4467-99f4-2f4334590ebc/m/tWE145TQ/f/_Xk_veR1,2025-06-09 18:56:29+00:00
https://fcrepo-qa.lib.umd.edu/fcrepo/rest/dc/2021/1/79/2b/3d/87/792b3d87-3fd7-47ce-be66-91823c4463ac/m/wXXhokqT/f/ZMU_nRDt,2021-02-01 22:54:43+00:00
https://fcrepo-qa.lib.umd.edu/fcrepo/rest/dc/2021/1/79/2b/3d/87/792b3d87-3fd7-47ce-be66-91823c4463ac/m/ULMb8Yy4/f/50QQXvW1,2021-02-01 22:54:43+00:00
https://fcrepo-qa.lib.umd.edu/fcrepo/rest/dc/2021/1/79/fe/28/a2/79fe28a2-9b71-4cf0-8b9e-9ef2aabe4ae5/m/UP_2DYOp/f/pHso9hIz,2021-02-01 22:55:07+00:00
https://fcrepo-qa.lib.umd.edu/fcrepo/rest/dc/2021/1/79/0c/95/ef/790c95ef-1e78-41cc-89e2-312d6277fced/m/yI9FDVV0/f/UZfJfXvG,2021-02-02 01:33:42+00:00
https://fcrepo-qa.lib.umd.edu/fcrepo/rest/dc/2021/1/79/0b/c7/44/790bc744-d105-4bbf-a474-5c9f1cdc3b1d/m/3B4eU_dV/f/v8gzOChN,2021-02-02 01:35:39+00:00
https://fcrepo-qa.lib.umd.edu/fcrepo/rest/dc/2021/1/79/09/05/ae/790905ae-cf66-4b06-aa8a-9bf917e5506a/m/0tMtqtDX/f/u75P7eM2,2021-02-01 22:56:15+00:00
https://fcrepo-qa.lib.umd.edu/fcrepo/rest/dc/2021/1/79/94/4c/b6/79944cb6-f1bb-4b61-93cf-62a22d0e046d/m/FxFJmQT0/f/negsUfCB,2021-08-25 03:08:43+00:00
https://fcrepo-qa.lib.umd.edu/fcrepo/rest/dc/2021/1/79/ae/a5/8c/79aea58c-348d-48d0-8536-2a78029703d7/m/h1OAICNx/f/xN7BUPsf,2022-12-14 18:48:29+00:00
https://fcrepo-qa.lib.umd.edu/fcrepo/rest/dc/2021/1/79/93/7f/34/79937f34-a18a-48e0-a42b-2c81a3fee2c2/m/4G6c6n0x/f/zczj5noq,2022-12-14 18:53:49+00:00
https://fcrepo-qa.lib.umd.edu/fcrepo/rest/dc/2021/1/79/0f/8e/9a/790f8e9a-0237-40c4-961c-bdc3e591a0c2/m/i6q7OLwi/f/IqPBVmXz,2022-12-14 19:02:45+00:00
https://fcrepo-qa.lib.umd.edu/fcrepo/rest/dc/2021/1/79/53/66/37/79536637-93fa-4442-acd5-c7dc7d5cf118/m/m0BslqF2/f/1AP41zfz,2022-12-14 18:56:23+00:00
https://fcrepo-qa.lib.umd.edu/fcrepo/rest/dc/2021/1/79/c4/b7/95/79c4b795-d26d-4e4b-b419-aeb45e08ee38/m/69sARKPg/f/oGEEut8w,2021-08-25 02:51:50+00:00
https://fcrepo-qa.lib.umd.edu/fcrepo/rest/dc/2021/1/79/b3/34/ae/79b334ae-e796-4e8f-9ba1-6e927440554a/m/1DT8iPdR/f/iUuPpHjU,2021-02-02 01:36:10+00:00
https://fcrepo-qa.lib.umd.edu/fcrepo/rest/dc/2021/1/79/c0/42/dc/79c042dc-8e4e-4bf1-9501-d38c3bc2d391/m/-VELEXf-/f/7d4I_qDy,2021-02-02 01:39:49+00:00
https://fcrepo-qa.lib.umd.edu/fcrepo/rest/dc/2021/1/79/0f/62/af/790f62af-bae3-47b1-adaf-b84fdecec6a1/m/KvUNpEFz/f/u7C6KO1W,2021-02-02 15:56:30+00:00
https://fcrepo-qa.lib.umd.edu/fcrepo/rest/dc/2021/1/79/54/9f/ac/79549fac-b5b5-4ddc-bae5-219d1b3e8820/m/8YRJNQMA/f/UMFC0Dna,2023-05-09 22:26:53+00:00
https://fcrepo-qa.lib.umd.edu/fcrepo/rest/dc/2021/1/79/54/9f/ac/79549fac-b5b5-4ddc-bae5-219d1b3e8820/m/m-UoAxQg/f/9H_sNano,2023-05-09 22:26:53+00:00
https://fcrepo-qa.lib.umd.edu/fcrepo/rest/dc/2021/1/79/54/9f/ac/79549fac-b5b5-4ddc-bae5-219d1b3e8820/m/Rxp9gpv9/f/zNkMP5ls,2023-05-09 22:26:53+00:00
https://fcrepo-qa.lib.umd.edu/fcrepo/rest/dc/2021/1/79/74/20/5b/7974205b-b185-494e-b928-de4e4a77a0e0/m/x2Vzx1lD/f/68uiQOva,2023-10-09 21:00:36+00:00
https://fcrepo-qa.lib.umd.edu/fcrepo/rest/dc/2021/1/79/3f/c5/36/793fc536-5c06-4820-91df-312bba5b7607/m/jyCjoqBp/f/rHJQDv3c,2023-10-09 20:24:27+00:00
https://fcrepo-qa.lib.umd.edu/fcrepo/rest/dc/2021/1/79/c2/c0/b7/79c2c0b7-587e-4d5e-a638-3a82104f2fcd/m/heV6cOa4/f/lNC5hams,2023-10-09 19:53:12+00:00
https://fcrepo-qa.lib.umd.edu/fcrepo/rest/dc/2021/1/79/b6/0f/1f/79b60f1f-e09a-4cde-a87a-9c2e5b74ea45/m/EpIdtaVg/f/9fgJt5pA,2024-05-15 22:42:23+00:00
https://fcrepo-qa.lib.umd.edu/fcrepo/rest/dc/2021/1/79/1f/5b/0e/791f5b0e-e6e0-4b20-b161-4e39cdbaac65/m/5DWVZAux/f/GFlA6CSM,2022-12-14 19:01:20+00:00
https://fcrepo-qa.lib.umd.edu/fcrepo/rest/dc/2021/1/79/c7/5b/7e/79c75b7e-6529-46ee-b598-115597081e50/m/1S2Xp7p3/f/_zuNRi5b,2023-10-09 20:33:52+00:00
https://fcrepo-qa.lib.umd.edu/fcrepo/rest/dc/2021/1/79/23/09/9e/7923099e-b0a7-4d4f-9731-07a96415961d/m/zbVI28bc/f/9aNSWJN_,2023-05-09 22:30:32+00:00
https://fcrepo-qa.lib.umd.edu/fcrepo/rest/dc/2021/1/79/60/4e/92/79604e92-d793-4584-83ea-d80361b500be/m/YWDWcYDE/f/tcx7g2BV,2024-05-15 22:59:01+00:00
https://fcrepo-qa.lib.umd.edu/fcrepo/rest/dc/2021/1/79/6a/9e/40/796a9e40-d9ec-4d09-963e-ea38c46d27cb/m/Zsm4EzPa/f/69av7M-P,2025-06-21 03:46:57+00:00
https://fcrepo-qa.lib.umd.edu/fcrepo/rest/dc/2021/1/79/6a/9e/40/796a9e40-d9ec-4d09-963e-ea38c46d27cb/m/rXGK0Hfx/f/kHJi4zuq,2025-06-21 03:46:57+00:00
https://fcrepo-qa.lib.umd.edu/fcrepo/rest/dc/2021/1/79/6a/9e/40/796a9e40-d9ec-4d09-963e-ea38c46d27cb/m/-wMM4vQw/f/R8RAY6iQ,2025-06-21 03:46:57+00:00
https://fcrepo-qa.lib.umd.edu/fcrepo/rest/dc/2021/1/79/40/af/93/7940af93-41c2-44b1-be55-39533438a985/m/-6Qt3uoY/f/UXbCAIc7,2025-06-09 18:57:47+00:00
https://fcrepo-qa.lib.umd.edu/fcrepo/rest/dc/2021/1/79/40/af/93/7940af93-41c2-44b1-be55-39533438a985/m/dtakcMpH/f/UxW3sFCH,2025-06-09 18:57:47+00:00
https://fcrepo-qa.lib.umd.edu/fcrepo/rest/dc/2021/1/79/40/af/93/7940af93-41c2-44b1-be55-39533438a985/m/wUOQT2hx/f/zqHe_tgN,2025-06-09 18:57:47+00:00
https://fcrepo-qa.lib.umd.edu/fcrepo/rest/dc/2021/1/79/3d/da/a8/793ddaa8-71ca-4cfd-bb42-d1466cf1690b/m/-G17ZEpJ/f/jyNSWDsg,2024-08-29 14:20:05+00:00
https://fcrepo-qa.lib.umd.edu/fcrepo/rest/dc/2021/1/79/85/9a/64/79859a64-f14e-43a5-8d0e-36deebc4932e/m/RXw1q2hy/f/_jIOnxtS,2025-06-17 15:36:24+00:00
https://fcrepo-qa.lib.umd.edu/fcrepo/rest/dc/2021/1/79/a0/81/4e/79a0814e-f573-4bb4-acca-ea25f638215c/m/UmcY95TX/f/XZSyCqMY,2024-05-15 23:07:11+00:00
https://fcrepo-qa.lib.umd.edu/fcrepo/rest/dc/2021/1/79/9f/07/bc/799f07bc-5c6c-459f-aa63-9ee34138e7d8/m/NRyXgdsi/f/W0FwdrMY,2025-06-03 20:16:27+00:00
https://fcrepo-qa.lib.umd.edu/fcrepo/rest/dc/2021/1/37/6d/d6/b6/376dd6b6-587e-4651-953e-c4bf920d4818/m/X-hlWdoG/f/hYiG_tw-,2021-02-01 22:55:27+00:00
https://fcrepo-qa.lib.umd.edu/fcrepo/rest/dc/2021/1/37/4c/64/08/374c6408-b73e-4ed7-a04c-d6376c2dc1cd/m/Ol9o1rBv/f/R4t2xbhq,2021-02-01 22:54:45+00:00
https://fcrepo-qa.lib.umd.edu/fcrepo/rest/dc/2021/1/37/09/b2/d8/3709b2d8-5775-4931-ace0-08204473fff4/m/jUWdeiG9/f/fDHLzWUw,2021-02-01 22:54:59+00:00
https://fcrepo-qa.lib.umd.edu/fcrepo/rest/dc/2021/1/37/d3/55/6a/37d3556a-a10c-4466-8f88-3ac7f8d935ff/m/M_60PjuM/f/j5qX00kR,2021-02-02 01:35:17+00:00
https://fcrepo-qa.lib.umd.edu/fcrepo/rest/dc/2021/1/37/21/3f/13/37213f13-6e84-42bc-b3cd-63363b2d08ff/m/9MQAJLoh/f/TRPDukBw,2021-08-25 03:14:56+00:00
https://fcrepo-qa.lib.umd.edu/fcrepo/rest/dc/2021/1/37/78/5d/6c/37785d6c-4076-46b7-9c1f-443cf3176078/m/y1buAOwU/f/QhOjAn5I,2023-05-05 21:37:42+00:00
https://fcrepo-qa.lib.umd.edu/fcrepo/rest/dc/2021/1/37/3b/17/5b/373b175b-4b7c-4c4d-a681-791fc5270dc4/m/Jas4VjGK/f/Sq7CS9oL,2022-12-14 18:45:55+00:00
https://fcrepo-qa.lib.umd.edu/fcrepo/rest/dc/2021/1/37/ac/07/fd/37ac07fd-bb86-4f8e-8e17-946c291def7e/m/TuhZcXrJ/f/A0JWrwXF,2021-08-25 03:11:05+00:00
https://fcrepo-qa.lib.umd.edu/fcrepo/rest/dc/2021/1/37/76/77/2a/3776772a-f454-4146-8c92-b88f7c6b0aa0/m/PryG9_NP/f/mV7-mXi-,2022-12-14 19:08:36+00:00
https://fcrepo-qa.lib.umd.edu/fcrepo/rest/dc/2021/1/37/cc/7a/3e/37cc7a3e-7d41-4147-8a6b-917b5642cc8f/m/dbkYDrrO/f/AHiVmByp,2023-05-05 21:45:08+00:00
https://fcrepo-qa.lib.umd.edu/fcrepo/rest/dc/2021/1/37/eb/97/18/37eb9718-bfad-4e89-b92c-51dc8148f2a3/m/3Dk5BsIS/f/A6O157EQ,2023-05-06 15:05:48+00:00
https://fcrepo-qa.lib.umd.edu/fcrepo/rest/dc/2021/1/37/3f/9d/40/373f9d40-fd6b-4f1f-8155-1536ffd553db/m/Jy5_axg9/f/zaGztgSZ,2021-08-25 03:02:57+00:00
https://fcrepo-qa.lib.umd.edu/fcrepo/rest/dc/2021/1/37/3e/6c/aa/373e6caa-903b-4fa6-be0e-8234578c8177/m/pDcRtTlK/f/6BQWwq47,2023-10-09 21:01:09+00:00
https://fcrepo-qa.lib.umd.edu/fcrepo/rest/dc/2021/1/37/a2/02/57/37a20257-4b73-4bc2-ad3a-9965eaa378fc/m/bIuZ8zrA/f/6D7wjgot,2023-10-09 20:20:43+00:00
https://fcrepo-qa.lib.umd.edu/fcrepo/rest/dc/2021/1/37/f6/02/52/37f60252-6682-4f97-b303-f7eeaffd44a2/m/qfjH5WNi/f/3U4yc6kv,2023-05-09 22:23:34+00:00
https://fcrepo-qa.lib.umd.edu/fcrepo/rest/dc/2021/1/37/d1/b8/98/37d1b898-f7ad-4665-ab9a-57077f2ed7f5/m/VFsc083W/f/y088KT6c,2024-08-28 21:20:49+00:00
https://fcrepo-qa.lib.umd.edu/fcrepo/rest/dc/2021/1/37/32/0e/38/37320e38-171d-4c8b-9081-bb0f61911799/m/4z4h3aCD/f/PnI-h_gH,2023-10-09 20:20:59+00:00
https://fcrepo-qa.lib.umd.edu/fcrepo/rest/dc/2021/1/37/35/1a/c9/37351ac9-24b3-41fb-864d-d28ad91d739d/m/m_k_UTHb/f/t9t9K_eO,2024-05-15 23:05:20+00:00
https://fcrepo-qa.lib.umd.edu/fcrepo/rest/dc/2021/1/37/5e/1c/eb/375e1ceb-f15f-4fd9-b861-6ffe8fe758c0/m/zE42Y3CQ/f/fyLdKfBx,2023-05-09 22:21:56+00:00
https://fcrepo-qa.lib.umd.edu/fcrepo/rest/dc/2021/1/37/50/a6/46/3750a646-24f5-42ad-9b58-f96b528c7e08/m/4VjMtxRK/f/oSF8LgxR,2023-10-09 19:54:26+00:00
https://fcrepo-qa.lib.umd.edu/fcrepo/rest/dc/2021/1/37/74/a5/53/3774a553-c6a0-4b91-b2e0-c2f1e6946dd4/m/aPsJ7TDQ/f/x14RD2qk,2023-10-09 20:22:19+00:00
https://fcrepo-qa.lib.umd.edu/fcrepo/rest/dc/2021/1/37/a4/64/75/37a46475-7520-4504-bf39-638d38871a96/m/htBbCl3C/f/849QGJhO,2024-12-20 22:23:06+00:00
https://fcrepo-qa.lib.umd.edu/fcrepo/rest/dc/2021/1/37/a4/64/75/37a46475-7520-4504-bf39-638d38871a96/m/MeDAmGOh/f/tVM8y_xK,2024-12-20 22:23:06+00:00
https://fcrepo-qa.lib.umd.edu/fcrepo/rest/dc/2021/1/37/a4/64/75/37a46475-7520-4504-bf39-638d38871a96/m/JgiSzABc/f/rKBH1yFk,2024-12-20 22:23:06+00:00
https://fcrepo-qa.lib.umd.edu/fcrepo/rest/dc/2021/1/37/a4/64/75/37a46475-7520-4504-bf39-638d38871a96/m/xYVwMqIf/f/KPbHvKZL,2024-12-20 22:23:06+00:00
https://fcrepo-qa.lib.umd.edu/fcrepo/rest/dc/2021/1/37/a4/64/75/37a46475-7520-4504-bf39-638d38871a96/m/oqrtO30Y/f/EciybcAK,2024-12-20 22:23:06+00:00
https://fcrepo-qa.lib.umd.edu/fcrepo/rest/dc/2021/1/37/a4/64/75/37a46475-7520-4504-bf39-638d38871a96/m/87RE6jvK/f/9uHMRyu4,2024-12-20 22:23:06+00:00
https://fcrepo-qa.lib.umd.edu/fcrepo/rest/dc/2021/1/37/a4/64/75/37a46475-7520-4504-bf39-638d38871a96/m/1XcWG1-9/f/BRuynIG5,2024-12-20 22:23:06+00:00
https://fcrepo-qa.lib.umd.edu/fcrepo/rest/dc/2021/1/37/2e/76/60/372e7660-da19-4514-a412-33ffd5fb475b/m/90MPD8Y8/f/r-gvR8Xa,2025-06-09 19:43:58+00:00
https://fcrepo-qa.lib.umd.edu/fcrepo/rest/dc/2021/1/37/2e/76/60/372e7660-da19-4514-a412-33ffd5fb475b/m/rhMggvEH/f/sMNi1jRb,2025-06-09 19:43:58+00:00
https://fcrepo-qa.lib.umd.edu/fcrepo/rest/dc/2021/1/37/2e/76/60/372e7660-da19-4514-a412-33ffd5fb475b/m/9qluqzwL/f/OqRVfe93,2025-06-09 19:43:58+00:00
https://fcrepo-qa.lib.umd.edu/fcrepo/rest/dc/2021/1/37/2e/76/60/372e7660-da19-4514-a412-33ffd5fb475b/m/WFewUBah/f/aK1mal9r,2025-06-09 19:43:58+00:00
https://fcrepo-qa.lib.umd.edu/fcrepo/rest/dc/2021/1/37/2e/76/60/372e7660-da19-4514-a412-33ffd5fb475b/m/NzZ-yGgL/f/4u5qtfN9,2025-06-09 19:43:58+00:00
https://fcrepo-qa.lib.umd.edu/fcrepo/rest/dc/2021/1/37/28/aa/ff/3728aaff-2287-40d6-83b9-52f48088b773/m/csaYkB19/f/U0AH0dXP,2025-06-03 20:12:31+00:00
https://fcrepo-qa.lib.umd.edu/fcrepo/rest/dc/2021/1/37/97/41/af/379741af-cd91-4bf6-b35a-b92eca61926c/m/_hI51GL2/f/bN3CHoxI,2024-09-23 13:38:56+00:00
https://fcrepo-qa.lib.umd.edu/fcrepo/rest/dc/2021/1/37/97/41/af/379741af-cd91-4bf6-b35a-b92eca61926c/m/CES4dQ5Y/f/rH0pog8b,2024-09-23 13:38:56+00:00
https://fcrepo-qa.lib.umd.edu/fcrepo/rest/dc/2021/1/37/69/48/29/37694829-7d65-4c54-8d35-5fb039fd4567/m/0kzGf16F/f/NiGEy7Q3,2024-12-20 22:25:22+00:00
https://fcrepo-qa.lib.umd.edu/fcrepo/rest/dc/2021/1/37/c3/8f/f9/37c38ff9-084c-4a34-b5cc-c966de65cf4a/m/148O81Hh/f/1yU71cS2,2025-06-09 18:57:37+00:00
https://fcrepo-qa.lib.umd.edu/fcrepo/rest/dc/2021/1/37/98/a4/45/3798a445-2039-4b1b-af60-f96a78a08c01/m/jZQPrKfR/f/fG3X9TZE,2025-06-17 15:17:28+00:00
https://fcrepo-qa.lib.umd.edu/fcrepo/rest/dc/2021/1/1f/f7/27/42/1ff72742-1fda-42f0-a698-0bbde086da67/m/U9Jba6Mv/f/YLCGHgJw,2021-02-02 01:33:08+00:00
https://fcrepo-qa.lib.umd.edu/fcrepo/rest/dc/2021/1/1f/ff/5f/94/1fff5f94-c3a5-467d-8684-2f1c61677f3e/m/T5Mcttnl/f/UDYCSfTh,2021-02-01 22:54:48+00:00
https://fcrepo-qa.lib.umd.edu/fcrepo/rest/dc/2021/1/1f/35/89/78/1f358978-db56-42ae-9049-b04405e8072b/m/PZ1kMVVR/f/_gU0es2g,2021-08-25 03:01:31+00:00
https://fcrepo-qa.lib.umd.edu/fcrepo/rest/dc/2021/1/1f/a4/2e/32/1fa42e32-f583-4a03-9808-8aec8316fedf/m/QTwJdo25/f/bO4nE0t5,2022-12-14 18:51:25+00:00
https://fcrepo-qa.lib.umd.edu/fcrepo/rest/dc/2021/1/1f/2c/1c/76/1f2c1c76-a0e2-471a-8a52-9ca3df45ff42/m/d9mkC91O/f/sJk1i8CU,2021-08-25 03:12:51+00:00
https://fcrepo-qa.lib.umd.edu/fcrepo/rest/dc/2021/1/1f/57/d8/9a/1f57d89a-d98e-4210-be83-9b96dc21d96a/m/Hyz1pFz-/f/UVzKbc-S,2021-08-25 03:09:36+00:00
https://fcrepo-qa.lib.umd.edu/fcrepo/rest/dc/2021/1/1f/a4/c9/72/1fa4c972-e60d-45ac-891e-d0067db01f21/m/s4gJMlF2/f/jALRnYo9,2023-05-06 15:01:29+00:00
https://fcrepo-qa.lib.umd.edu/fcrepo/rest/dc/2021/1/1f/97/02/69/1f970269-ace6-461c-9d72-19f0b1af7087/m/O9C85UiO/f/PmjU1qLx,2021-08-25 03:13:41+00:00
https://fcrepo-qa.lib.umd.edu/fcrepo/rest/dc/2021/1/1f/6d/ec/d3/1f6decd3-46d3-44d3-9394-e17ee56dd9eb/m/Eow8FTE_/f/8fW6vYSU,2021-08-25 03:15:37+00:00
https://fcrepo-qa.lib.umd.edu/fcrepo/rest/dc/2021/1/1f/13/b6/02/1f13b602-673b-4fb6-995b-1c1cc3fa6c03/m/NdM7b1bA/f/GTBlY-A6,2022-12-14 19:08:38+00:00
https://fcrepo-qa.lib.umd.edu/fcrepo/rest/dc/2021/1/1f/56/d4/6e/1f56d46e-207d-41de-8c20-1254683055a7/m/uvIiHb2K/f/2gjryWa1,2021-02-02 15:55:06+00:00
https://fcrepo-qa.lib.umd.edu/fcrepo/rest/dc/2021/1/1f/7b/8e/c4/1f7b8ec4-641e-4f88-82b5-9e7e3570eb8a/m/A5J_WGYc/f/iyNHMFaO,2022-12-14 18:54:44+00:00
https://fcrepo-qa.lib.umd.edu/fcrepo/rest/dc/2021/1/1f/7b/8e/c4/1f7b8ec4-641e-4f88-82b5-9e7e3570eb8a/m/IJwRz461/f/R9eJnLYq,2022-12-14 18:54:44+00:00
https://fcrepo-qa.lib.umd.edu/fcrepo/rest/dc/2021/1/1f/7b/8e/c4/1f7b8ec4-641e-4f88-82b5-9e7e3570eb8a/m/Mb5XP3Wf/f/yOSVSDvB,2022-12-14 18:54:44+00:00
https://fcrepo-qa.lib.umd.edu/fcrepo/rest/dc/2021/1/1f/7b/8e/c4/1f7b8ec4-641e-4f88-82b5-9e7e3570eb8a/m/DkmxMzwt/f/eQujX30k,2022-12-14 18:54:44+00:00
https://fcrepo-qa.lib.umd.edu/fcrepo/rest/dc/2021/1/1f/b0/ec/d9/1fb0ecd9-9dc8-4d1c-81ab-58886775f501/m/78znpTXk/f/a449Q9mo,2023-05-09 22:25:07+00:00
https://fcrepo-qa.lib.umd.edu/fcrepo/rest/dc/2021/1/1f/e8/08/64/1fe80864-5214-45ce-b2f4-a9fae0945dd0/m/6PjCV4tD/f/YfW__BtW,2022-12-14 19:05:28+00:00
https://fcrepo-qa.lib.umd.edu/fcrepo/rest/dc/2021/1/1f/10/3c/41/1f103c41-6045-42d2-9e73-55166278f50a/m/neKdM3eM/f/xkB58jU0,2023-05-09 22:24:41+00:00
https://fcrepo-qa.lib.umd.edu/fcrepo/rest/dc/2021/1/1f/08/34/11/1f083411-d19d-40a7-a7f3-0797229699cd/m/bOSuaQiU/f/wO_hj4Dl,2023-05-06 14:58:57+00:00
https://fcrepo-qa.lib.umd.edu/fcrepo/rest/dc/2021/1/1f/a3/cc/ee/1fa3ccee-41ed-43b9-a710-8dc85c4a286b/m/1X9FYlGI/f/glaxwWe4,2023-05-06 15:05:31+00:00
https://fcrepo-qa.lib.umd.edu/fcrepo/rest/dc/2021/1/1f/1a/df/16/1f1adf16-84e7-489d-9c0a-fb79178b6535/m/vjHG3ufm/f/2TkT_D3O,2022-12-14 18:53:15+00:00
https://fcrepo-qa.lib.umd.edu/fcrepo/rest/dc/2021/1/1f/1a/61/16/1f1a6116-8c55-43af-b03f-d59b6149c6b4/m/mOkiSdgW/f/km8HPrfX,2024-05-15 22:48:43+00:00
https://fcrepo-qa.lib.umd.edu/fcrepo/rest/dc/2021/1/73/1c/62/86/731c6286-2383-4f81-b3b7-1dcce8748af7/m/8Se7JlJX/f/n5NnMbqu,2023-05-09 22:21:39+00:00
https://fcrepo-qa.lib.umd.edu/fcrepo/rest/dc/2021/1/73/2f/b3/ad/732fb3ad-ea35-4ce7-9ee9-353b31ff3d71/m/rqo1Fg-w/f/33fPIGXv,2023-05-06 15:04:12+00:00
https://fcrepo-qa.lib.umd.edu/fcrepo/rest/dc/2021/1/73/27/15/1d/7327151d-7119-4e1f-8b16-7ccf23b05c46/m/obmAALp8/f/8O4fXBeh,2021-08-25 03:00:41+00:00
https://fcrepo-qa.lib.umd.edu/fcrepo/rest/dc/2021/1/73/b1/c7/28/73b1c728-5ad0-46fe-95d3-199c00cf4d73/m/hhwjvpVS/f/d2r88FXb,2021-08-25 03:10:55+00:00
https://fcrepo-qa.lib.umd.edu/fcrepo/rest/dc/2021/1/73/1c/7c/c2/731c7cc2-75b9-4c96-a6da-914fe1a480c1/m/MYRE2t5n/f/GCHExkyo,2023-05-06 15:01:18+00:00
https://fcrepo-qa.lib.umd.edu/fcrepo/rest/dc/2021/1/73/d8/2f/1d/73d82f1d-e25d-4f47-ada3-ac8eb4d9f78a/m/ohYXtmsx/f/L24AVXqt,2022-12-14 18:48:31+00:00
https://fcrepo-qa.lib.umd.edu/fcrepo/rest/dc/2021/1/73/ae/93/98/73ae9398-feec-454a-882c-961ecc0d037c/m/WHp8ngPl/f/_jlfiE6N,2021-08-25 03:05:09+00:00
https://fcrepo-qa.lib.umd.edu/fcrepo/rest/dc/2021/1/73/1c/ab/95/731cab95-c637-4d37-8994-e74324399c63/m/DRKBGhOA/f/8VLsgvrO,2024-12-20 22:21:47+00:00
https://fcrepo-qa.lib.umd.edu/fcrepo/rest/dc/2021/1/73/8a/11/5d/738a115d-c01a-462d-8183-53f249532650/m/nCpcnDHj/f/MqbSiCA9,2023-05-09 22:29:41+00:00
https://fcrepo-qa.lib.umd.edu/fcrepo/rest/dc/2021/1/73/c5/d9/ac/73c5d9ac-76ec-432f-8f2f-118349ad9592/m/FO0osUon/f/4HmOByOu,2021-02-02 01:36:13+00:00
https://fcrepo-qa.lib.umd.edu/fcrepo/rest/dc/2021/1/73/34/73/0a/7334730a-562a-42c0-96f2-b7c5ce2e1eb6/m/wxttVyQX/f/9pgoOv_V,2023-10-09 20:48:52+00:00
https://fcrepo-qa.lib.umd.edu/fcrepo/rest/dc/2021/1/73/34/73/0a/7334730a-562a-42c0-96f2-b7c5ce2e1eb6/m/ap9Y85N-/f/e_4tVGv_,2023-10-09 20:48:52+00:00
https://fcrepo-qa.lib.umd.edu/fcrepo/rest/dc/2021/1/73/74/fb/be/7374fbbe-9ae3-4524-8bd7-f09ffa21fcfd/m/-HQKC8o3/f/seWciQW8,2024-05-15 22:41:36+00:00
https://fcrepo-qa.lib.umd.edu/fcrepo/rest/dc/2021/1/73/c3/da/1d/73c3da1d-9a41-4b44-9d78-2309d94bfd59/m/tGF4Qovw/f/2ClSMQL_,2023-10-09 21:02:15+00:00
https://fcrepo-qa.lib.umd.edu/fcrepo/rest/dc/2021/1/73/f7/ad/0c/73f7ad0c-a5a3-4414-a113-89f90382b984/m/1sOdFTcS/f/M11rrWTo,2023-10-09 20:25:08+00:00
https://fcrepo-qa.lib.umd.edu/fcrepo/rest/dc/2021/1/73/f7/b6/e5/73f7b6e5-349e-4448-b37f-a7db6a71f0e5/m/xbIceW3P/f/xvY5ZPWP,2025-06-09 18:54:48+00:00
https://fcrepo-qa.lib.umd.edu/fcrepo/rest/dc/2021/1/73/42/63/01/73426301-77fb-45e3-9760-e84597788736/m/fe4xpo8c/f/qaFJeDMA,2024-05-15 22:49:46+00:00
https://fcrepo-qa.lib.umd.edu/fcrepo/rest/dc/2021/1/73/16/17/9b/7316179b-886a-4ad1-924e-13b701cc0d0e/m/njOCmdoI/f/AL944D05,2023-10-09 20:19:42+00:00
https://fcrepo-qa.lib.umd.edu/fcrepo/rest/dc/2021/1/73/13/cf/3d/7313cf3d-947b-4ce7-a015-edb5b2c9f719/m/2r1M4-iy/f/5DCSn81t,2024-08-28 21:08:10+00:00
https://fcrepo-qa.lib.umd.edu/fcrepo/rest/dc/2021/1/73/78/c7/55/7378c755-73d4-4dfe-807f-0156a2a1f069/m/HtuBlnpM/f/ucCwrdaX,2024-05-15 22:59:21+00:00
https://fcrepo-qa.lib.umd.edu/fcrepo/rest/dc/2021/1/73/c8/64/f5/73c864f5-cd42-4caa-a140-94f8b50e5c7a/m/fRkr6EO3/f/Y6E2BWAu,2025-06-09 19:00:14+00:00
https://fcrepo-qa.lib.umd.edu/fcrepo/rest/dc/2021/1/73/20/c8/d3/7320c8d3-4df8-4563-9bda-720ba1decd2e/m/ue-jHm7E/f/R957SdmH,2024-08-29 14:32:45+00:00
https://fcrepo-qa.lib.umd.edu/fcrepo/rest/dc/2021/1/73/20/c8/d3/7320c8d3-4df8-4563-9bda-720ba1decd2e/m/n0dma6_T/f/anmiNwOU,2024-08-29 14:32:45+00:00
https://fcrepo-qa.lib.umd.edu/fcrepo/rest/dc/2021/1/73/20/c8/d3/7320c8d3-4df8-4563-9bda-720ba1decd2e/m/N2vXFHkA/f/B8ZP_Wcd,2024-08-29 14:32:45+00:00
https://fcrepo-qa.lib.umd.edu/fcrepo/rest/dc/2021/1/73/b5/73/e7/73b573e7-f631-4f22-9d49-b642a4a23c76/m/jdAfp_Ud/f/vPCwX6aU,2024-09-17 21:04:03+00:00
https://fcrepo-qa.lib.umd.edu/fcrepo/rest/dc/2021/1/73/b5/73/e7/73b573e7-f631-4f22-9d49-b642a4a23c76/m/ue7bdO86/f/NN3stKgM,2024-09-17 21:04:03+00:00
https://fcrepo-qa.lib.umd.edu/fcrepo/rest/dc/2021/1/73/55/19/2a/7355192a-fe0c-46e5-bda5-5c56a69cd44d/m/2KVnpgnD/f/9bwwyovv,2024-08-28 21:26:10+00:00
https://fcrepo-qa.lib.umd.edu/fcrepo/rest/dc/2021/1/73/71/e9/57/7371e957-5272-4865-93dc-81dea06b35f1/m/cceOT1V4/f/ju_Ukuit,2025-06-17 15:16:08+00:00
https://fcrepo-qa.lib.umd.edu/fcrepo/rest/dc/2021/1/73/fa/24/03/73fa2403-832f-42c5-a076-1707a4700421/m/ObQVLQtg/f/gqroz0_s,2025-06-09 18:58:50+00:00
https://fcrepo-qa.lib.umd.edu/fcrepo/rest/dc/2021/1/73/71/72/f0/737172f0-6eb8-4a44-8035-278ea0a070d4/m/XqgfAQ6G/f/zFlM6_ko,2025-06-09 18:24:57+00:00
https://fcrepo-qa.lib.umd.edu/fcrepo/rest/dc/2021/1/73/95/c2/18/7395c218-9610-4b20-8dec-14a4d18680d2/m/zAsnBGK1/f/-uMgNAGQ,2025-06-18 03:08:19+00:00
https://fcrepo-qa.lib.umd.edu/fcrepo/rest/dc/2021/1/73/a3/83/c8/73a383c8-13d8-417d-a586-1b987db8dc26/m/c0um1vjc/f/a5NyhcY8,2025-06-09 18:58:39+00:00
https://fcrepo-qa.lib.umd.edu/fcrepo/rest/dc/2021/1/c6/f6/a6/07/c6f6a607-affc-48cf-8190-d7d782ed0074/m/VFZcYWQ-/f/qj3_6uGg,2021-02-01 22:53:17+00:00
https://fcrepo-qa.lib.umd.edu/fcrepo/rest/dc/2021/1/c6/3b/db/2a/c63bdb2a-606c-42cb-8289-1fcfd09666a7/m/9qHD8VhH/f/v2VQ7SOW,2021-02-01 22:54:46+00:00
https://fcrepo-qa.lib.umd.edu/fcrepo/rest/dc/2021/1/c6/3b/db/2a/c63bdb2a-606c-42cb-8289-1fcfd09666a7/m/L46gXGXk/f/mre2SbS9,2021-02-01 22:54:46+00:00
https://fcrepo-qa.lib.umd.edu/fcrepo/rest/dc/2021/1/73/c0/1a/01/73c01a01-31c9-4a09-a79e-710b570fe1d7/m/t2E-1jzQ/f/mCvk6apG,2025-06-19 16:07:32+00:00
https://fcrepo-qa.lib.umd.edu/fcrepo/rest/dc/2021/1/c6/f6/3a/23/c6f63a23-7131-4916-99a8-38152ffa47e2/m/uOzWnOV_/f/otpmu5lA,2022-12-14 19:01:50+00:00
https://fcrepo-qa.lib.umd.edu/fcrepo/rest/dc/2021/1/73/51/00/5b/7351005b-a505-407c-b347-4a7aaeec3c5c/m/XJFNoZtH/f/sOSo6Mag,2025-06-21 06:03:09+00:00
https://fcrepo-qa.lib.umd.edu/fcrepo/rest/dc/2021/1/73/53/f1/62/7353f162-2042-4fa9-a1cf-82f9401882ee/m/kv6lxTz5/f/5qe4eLKB,2025-06-20 22:44:49+00:00
https://fcrepo-qa.lib.umd.edu/fcrepo/rest/dc/2021/1/c6/b4/59/5f/c6b4595f-ac2e-4083-aaa2-5340147a43f3/m/BuI0D4DV/f/xAP_f3YY,2021-02-01 22:56:13+00:00
https://fcrepo-qa.lib.umd.edu/fcrepo/rest/dc/2021/1/c6/76/a7/c7/c676a7c7-6c7e-40f8-b131-0380924fe57b/m/sd30eZ8Q/f/abfhCz6y,2021-02-01 22:55:36+00:00
https://fcrepo-qa.lib.umd.edu/fcrepo/rest/dc/2021/1/c6/47/76/01/c6477601-1775-45f9-85a6-f21bc6bfa3c4/m/TtlLQ9rW/f/9ZeBNY8D,2021-02-01 22:54:58+00:00
https://fcrepo-qa.lib.umd.edu/fcrepo/rest/dc/2021/1/c6/d2/65/d8/c6d265d8-66a8-4cc6-835a-dd13ec94ba9b/m/iTdYHBeW/f/_vAcbgnZ,2022-12-14 18:57:11+00:00
https://fcrepo-qa.lib.umd.edu/fcrepo/rest/dc/2021/1/c6/65/41/05/c6654105-fbce-4d40-8168-eec260a99fd1/m/LAKPjMrf/f/K_hf0tzo,2021-08-25 02:53:06+00:00
https://fcrepo-qa.lib.umd.edu/fcrepo/rest/dc/2021/1/c6/7f/88/6b/c67f886b-6d72-4e74-a8c0-9ea67629c664/m/WoV-EcQ5/f/KRKJRN9l,2021-08-25 02:59:34+00:00
https://fcrepo-qa.lib.umd.edu/fcrepo/rest/dc/2021/1/c6/3c/3f/64/c63c3f64-f402-4cee-8fea-0842eb869098/m/cQAoBMId/f/zx5yB1bm,2021-02-02 01:37:54+00:00
https://fcrepo-qa.lib.umd.edu/fcrepo/rest/dc/2021/1/c6/3c/3f/64/c63c3f64-f402-4cee-8fea-0842eb869098/m/D0DzQWr5/f/rIcGeekA,2021-02-02 01:37:54+00:00
https://fcrepo-qa.lib.umd.edu/fcrepo/rest/dc/2021/1/c6/3c/3f/64/c63c3f64-f402-4cee-8fea-0842eb869098/m/ZwGaKMXd/f/nUWJ8Z65,2021-02-02 01:37:54+00:00
https://fcrepo-qa.lib.umd.edu/fcrepo/rest/dc/2021/1/c6/d2/c3/c2/c6d2c3c2-3c6b-458a-b997-37931fe80d05/m/pPzojTRD/f/oYxjTF_C,2024-09-23 13:39:12+00:00
https://fcrepo-qa.lib.umd.edu/fcrepo/rest/dc/2021/1/c6/32/49/b9/c63249b9-4af5-4ac4-ab45-df4a72f1318e/m/RJywLqYG/f/1qL3Io_S,2021-02-02 01:38:03+00:00
https://fcrepo-qa.lib.umd.edu/fcrepo/rest/dc/2021/1/c6/0e/1b/0b/c60e1b0b-af1e-4eae-b279-c50a6fc8168f/m/VAbqyEML/f/DWxzpIpn,2021-02-02 01:38:05+00:00
https://fcrepo-qa.lib.umd.edu/fcrepo/rest/dc/2021/1/c6/78/55/06/c6785506-99d6-4971-af73-1228573c1e91/m/NPD0Uh_r/f/pkwaExO1,2021-02-02 01:33:41+00:00
https://fcrepo-qa.lib.umd.edu/fcrepo/rest/dc/2021/1/c6/ef/02/ca/c6ef02ca-df71-4396-95a0-12c53f949ff2/m/2qCGJQ91/f/2pxDVli2,2021-02-02 01:36:40+00:00
https://fcrepo-qa.lib.umd.edu/fcrepo/rest/dc/2021/1/c6/7d/df/ea/c67ddfea-2e84-4851-a420-9b20b2d9f379/m/r_1fHRSL/f/XDEwNM_d,2022-12-14 19:05:50+00:00
https://fcrepo-qa.lib.umd.edu/fcrepo/rest/dc/2021/1/c6/7d/df/ea/c67ddfea-2e84-4851-a420-9b20b2d9f379/m/EObwWKu_/f/pkH0paz7,2022-12-14 19:05:50+00:00
https://fcrepo-qa.lib.umd.edu/fcrepo/rest/dc/2021/1/c6/7d/df/ea/c67ddfea-2e84-4851-a420-9b20b2d9f379/m/GH_ZOUgO/f/qOU7iGFF,2022-12-14 19:05:50+00:00
https://fcrepo-qa.lib.umd.edu/fcrepo/rest/dc/2021/1/c6/05/3a/a1/c6053aa1-1d62-4f66-8804-7735b9b68213/m/LELQkh9L/f/vubr2r-J,2023-10-09 20:29:29+00:00
https://fcrepo-qa.lib.umd.edu/fcrepo/rest/dc/2021/1/c6/5d/29/66/c65d2966-7bc9-4405-9369-9f0863af911f/m/ORMMaWXP/f/t6-jd0iH,2023-10-09 19:46:20+00:00
https://fcrepo-qa.lib.umd.edu/fcrepo/rest/dc/2021/1/c6/d8/1b/7a/c6d81b7a-fd27-42ce-801f-906bcf4809db/m/vE0VzJcr/f/V-xXxx9k,2023-05-05 21:39:21+00:00
https://fcrepo-qa.lib.umd.edu/fcrepo/rest/dc/2021/1/c6/36/17/7f/c636177f-516c-4fa4-bc25-286927515a68/m/I8NZFy0W/f/Fkk1gneN,2023-10-09 20:59:26+00:00
https://fcrepo-qa.lib.umd.edu/fcrepo/rest/dc/2021/1/c6/1c/2a/26/c61c2a26-067f-4b32-8ae3-e7720181fff4/m/IJWYlWc4/f/lpxjQyvk,2023-10-09 19:46:08+00:00
https://fcrepo-qa.lib.umd.edu/fcrepo/rest/dc/2021/1/c6/2b/40/5b/c62b405b-2909-4400-9575-634c87176cb3/m/pq1oBoFJ/f/9lGwmca3,2022-12-14 19:08:41+00:00
https://fcrepo-qa.lib.umd.edu/fcrepo/rest/dc/2021/1/c6/42/1a/b9/c6421ab9-bf1b-4237-98bd-3d6912c1cedc/m/mUyZDD3G/f/YWtzCK-S,2023-10-09 20:28:12+00:00
https://fcrepo-qa.lib.umd.edu/fcrepo/rest/dc/2021/1/c6/43/25/d7/c64325d7-60ce-4af1-adad-0e20ac4f9792/m/OfseDsRL/f/SmUItJlP,2023-10-09 20:21:55+00:00
https://fcrepo-qa.lib.umd.edu/fcrepo/rest/dc/2021/1/c6/52/f1/58/c652f158-9004-41c9-9d22-81fdc7658d6e/m/iNUgTFAh/f/fMsZb7ch,2025-06-09 18:58:54+00:00
https://fcrepo-qa.lib.umd.edu/fcrepo/rest/dc/2021/1/c6/52/f1/58/c652f158-9004-41c9-9d22-81fdc7658d6e/m/Zmrd1APs/f/FTdkonvB,2025-06-09 18:58:54+00:00
https://fcrepo-qa.lib.umd.edu/fcrepo/rest/dc/2021/1/c6/52/f1/58/c652f158-9004-41c9-9d22-81fdc7658d6e/m/wuy45vtc/f/1Ouohaf7,2025-06-09 18:58:54+00:00
https://fcrepo-qa.lib.umd.edu/fcrepo/rest/dc/2021/1/c6/46/2e/9e/c6462e9e-4021-4213-90e0-c2ab8aecc884/m/ejYMbxzV/f/Damxk-eZ,2024-05-15 23:01:59+00:00
https://fcrepo-qa.lib.umd.edu/fcrepo/rest/dc/2021/1/c6/46/2e/9e/c6462e9e-4021-4213-90e0-c2ab8aecc884/m/mn0LzgUn/f/mzWhYmRY,2024-05-15 23:01:59+00:00
https://fcrepo-qa.lib.umd.edu/fcrepo/rest/dc/2021/1/c6/1e/2c/bd/c61e2cbd-f341-4b7a-9bb0-2a9d9e7b24e7/m/1pMFsEsO/f/AWiuiYQ-,2024-05-15 23:09:06+00:00
https://fcrepo-qa.lib.umd.edu/fcrepo/rest/dc/2021/1/c6/ce/53/5e/c6ce535e-507e-4586-8823-0ac94e13c83b/m/sQ66DRLG/f/a_zYqFWW,2025-06-20 22:49:25+00:00
https://fcrepo-qa.lib.umd.edu/fcrepo/rest/dc/2021/1/c6/85/6f/15/c6856f15-2f8b-46fd-a77c-ad4509d6860f/m/JD_VFdzG/f/8cl5nkBI,2024-08-28 21:03:56+00:00
https://fcrepo-qa.lib.umd.edu/fcrepo/rest/dc/2021/1/c6/97/f1/87/c697f187-c59f-40e8-a67b-37b9d4f1cd4f/m/ecFpetWN/f/VhYJNsO3,2025-06-09 18:55:44+00:00
https://fcrepo-qa.lib.umd.edu/fcrepo/rest/dc/2021/1/c6/b7/b5/e5/c6b7b5e5-7eed-4ab7-bf99-ba663c106297/m/A1Ix2vg9/f/CeFN0kFe,2025-06-03 20:12:23+00:00
https://fcrepo-qa.lib.umd.edu/fcrepo/rest/dc/2021/1/c6/59/9f/90/c6599f90-8683-4d18-9222-4d5d08f0e146/m/uB7BLnHh/f/he1JvHKk,2025-05-19 21:38:57+00:00
https://fcrepo-qa.lib.umd.edu/fcrepo/rest/dc/2021/1/c6/5e/d4/66/c65ed466-cba1-4629-a42c-47d0ba0aa2d8/m/zuNm7qiI/f/ypQeh3oI,2024-05-15 23:00:09+00:00
https://fcrepo-qa.lib.umd.edu/fcrepo/rest/dc/2021/1/f4/fa/a6/bc/f4faa6bc-f22f-4965-a77b-9c7be2714215/m/He_0a2ap/f/rcic-y5q,2021-02-02 01:33:37+00:00
https://fcrepo-qa.lib.umd.edu/fcrepo/rest/dc/2021/1/f4/5b/cf/5f/f45bcf5f-3573-4867-b471-28e43310250e/m/mF42-u-M/f/h5NtHkrp,2022-12-14 18:47:49+00:00
https://fcrepo-qa.lib.umd.edu/fcrepo/rest/dc/2021/1/f4/69/07/97/f4690797-ec76-402b-bd04-80cb35033885/m/6CW19DQv/f/eNjE505o,2022-12-14 18:46:39+00:00
https://fcrepo-qa.lib.umd.edu/fcrepo/rest/dc/2021/1/f4/e8/24/2e/f4e8242e-0faf-46bd-ae3e-290a1fb83673/m/4sgpp7iD/f/_eweQVFZ,2021-08-25 03:08:52+00:00
https://fcrepo-qa.lib.umd.edu/fcrepo/rest/dc/2021/1/f4/13/c2/65/f413c265-ca55-41e9-bab6-011f3217581a/m/XuU9bwD3/f/Xk_2jGTl,2022-12-14 18:48:37+00:00
https://fcrepo-qa.lib.umd.edu/fcrepo/rest/dc/2021/1/f4/b6/7e/30/f4b67e30-77ad-4abe-8eac-5ca3aefee5ae/m/BciQXlKs/f/TRL8yVep,2021-02-02 01:39:47+00:00
https://fcrepo-qa.lib.umd.edu/fcrepo/rest/dc/2021/1/f4/b6/7e/30/f4b67e30-77ad-4abe-8eac-5ca3aefee5ae/m/JRhUwp62/f/duVtVWho,2021-02-02 01:39:47+00:00
https://fcrepo-qa.lib.umd.edu/fcrepo/rest/dc/2021/1/f4/8d/57/1a/f48d571a-09e7-418b-b250-9ba0d153d331/m/fbeKvIUa/f/FhVJnH1n,2021-02-02 15:54:49+00:00
https://fcrepo-qa.lib.umd.edu/fcrepo/rest/dc/2021/1/f4/9a/03/99/f49a0399-0246-48ee-bc5e-a8a94ffbe8d8/m/hXs2LYha/f/tCC5sVau,2021-02-02 01:37:25+00:00
https://fcrepo-qa.lib.umd.edu/fcrepo/rest/dc/2021/1/f4/00/d5/21/f400d521-fb63-46ec-8132-d8b506d04cf2/m/kF0I1aA_/f/_vH4mPhX,2021-02-01 22:53:18+00:00
https://fcrepo-qa.lib.umd.edu/fcrepo/rest/dc/2021/1/f4/82/69/99/f4826999-1478-4423-ba9f-03a14c552583/m/txCJy1Rd/f/vVuzF_FD,2023-05-06 15:06:29+00:00
https://fcrepo-qa.lib.umd.edu/fcrepo/rest/dc/2021/1/f4/82/69/99/f4826999-1478-4423-ba9f-03a14c552583/m/Hg52raI3/f/DbMjStTm,2023-05-06 15:06:29+00:00
https://fcrepo-qa.lib.umd.edu/fcrepo/rest/dc/2021/1/f4/82/69/99/f4826999-1478-4423-ba9f-03a14c552583/m/a-aWg0ld/f/flr8fWHI,2023-05-06 15:06:29+00:00
https://fcrepo-qa.lib.umd.edu/fcrepo/rest/dc/2021/1/f4/c7/cc/cb/f4c7cccb-7bf1-497b-abcf-a192bbfc4ffa/m/PPyAgUp9/f/5rZ9AKee,2023-10-09 20:55:47+00:00
https://fcrepo-qa.lib.umd.edu/fcrepo/rest/dc/2021/1/f4/3c/98/02/f43c9802-e3ec-4217-8bc1-82533f4c4647/m/u9_RW6kZ/f/3nxea5HS,2023-05-05 21:42:38+00:00
https://fcrepo-qa.lib.umd.edu/fcrepo/rest/dc/2021/1/f4/fc/a1/46/f4fca146-08ef-42de-9b1d-6bd68ea36bb9/m/IVtsQDH8/f/ZsljuiUO,2023-05-05 21:41:14+00:00
https://fcrepo-qa.lib.umd.edu/fcrepo/rest/dc/2021/1/f4/dc/71/11/f4dc7111-fed6-4f6f-8691-0a0edd126020/m/fWaNkZ2U/f/xZYdhh3y,2023-10-09 20:25:01+00:00
https://fcrepo-qa.lib.umd.edu/fcrepo/rest/dc/2021/1/f4/bd/67/b1/f4bd67b1-0347-4e92-a78b-f31353e86f60/m/-_srgaIK/f/TAuzNuJy,2023-05-05 21:42:56+00:00
https://fcrepo-qa.lib.umd.edu/fcrepo/rest/dc/2021/1/f4/e7/26/c4/f4e726c4-62a8-43da-ba3f-4e5fc8795340/m/ojJ1ac6L/f/UTQ04y5M,2023-05-09 22:29:48+00:00
https://fcrepo-qa.lib.umd.edu/fcrepo/rest/dc/2021/1/f4/84/4c/3e/f4844c3e-605f-47c2-95cf-771b680c68fb/m/o0oAXmBV/f/88JLL9EE,2023-10-09 19:45:57+00:00
https://fcrepo-qa.lib.umd.edu/fcrepo/rest/dc/2021/1/f4/ca/49/58/f4ca4958-c1d4-4b48-a62e-3d2bbb4db842/m/48pxTAID/f/WQLOXipj,2023-05-09 22:24:45+00:00
https://fcrepo-qa.lib.umd.edu/fcrepo/rest/dc/2021/1/f4/64/09/6e/f464096e-29e9-42ea-a1e8-f489d9aaffcb/m/gX00gVsv/f/QD9ODywv,2025-06-03 20:29:51+00:00
https://fcrepo-qa.lib.umd.edu/fcrepo/rest/dc/2021/1/f4/64/09/6e/f464096e-29e9-42ea-a1e8-f489d9aaffcb/m/X3SLrA_w/f/cRZVbyKk,2025-06-03 20:29:51+00:00
https://fcrepo-qa.lib.umd.edu/fcrepo/rest/dc/2021/1/f4/64/09/6e/f464096e-29e9-42ea-a1e8-f489d9aaffcb/m/YOchlxDN/f/CSDl-QWG,2025-06-03 20:29:51+00:00
https://fcrepo-qa.lib.umd.edu/fcrepo/rest/dc/2021/1/f4/88/79/67/f4887967-eed0-49e5-84bd-1db587f149c9/m/vp-j_B-4/f/OCYciNzu,2023-10-09 21:01:34+00:00
https://fcrepo-qa.lib.umd.edu/fcrepo/rest/dc/2021/1/f4/88/79/67/f4887967-eed0-49e5-84bd-1db587f149c9/m/HlF9vS0U/f/QTZ9TTVS,2023-10-09 21:01:34+00:00
https://fcrepo-qa.lib.umd.edu/fcrepo/rest/dc/2021/1/f4/06/4c/92/f4064c92-cc9b-41bb-9f55-38d3b9686681/m/3-X5weEw/f/zL0Pt5bD,2024-08-28 21:03:21+00:00
https://fcrepo-qa.lib.umd.edu/fcrepo/rest/dc/2021/1/f4/f7/b2/db/f4f7b2db-6495-41c0-a34b-1ca126947657/m/EGtCrVff/f/QGU5iIln,2024-09-23 13:48:23+00:00
https://fcrepo-qa.lib.umd.edu/fcrepo/rest/dc/2021/1/f4/8c/6f/80/f48c6f80-afca-4f71-87d3-2d91349abbd6/m/MfdirfBW/f/YWjlb-mH,2024-12-20 22:13:16+00:00
https://fcrepo-qa.lib.umd.edu/fcrepo/rest/dc/2021/1/f4/f6/96/8c/f4f6968c-25ac-42b2-805d-83530fd327ce/m/CcvRjCtH/f/EP_5e1vJ,2024-05-15 23:06:25+00:00
https://fcrepo-qa.lib.umd.edu/fcrepo/rest/dc/2021/1/f4/64/eb/95/f464eb95-ffba-4b45-8564-cb64dad3dfbc/m/RBqN5gnQ/f/xBlTj4J8,2024-09-23 13:45:05+00:00
https://fcrepo-qa.lib.umd.edu/fcrepo/rest/dc/2021/1/f4/7e/a3/c0/f47ea3c0-ed4a-4b48-be28-a3d98c6db9e0/m/ypYvER6W/f/bl9dlq2B,2024-05-15 22:52:46+00:00
https://fcrepo-qa.lib.umd.edu/fcrepo/rest/dc/2021/1/f4/df/d1/29/f4dfd129-0d01-460d-9ae1-6cb6a80995b9/m/e6OHr2ls/f/njuHMgeQ,2024-12-20 22:21:20+00:00
https://fcrepo-qa.lib.umd.edu/fcrepo/rest/dc/2021/1/f4/cc/a4/bc/f4cca4bc-f545-46d9-b65e-dafb33779fe9/m/Snbta9IK/f/xgzS3zDd,2025-06-03 20:16:14+00:00
https://fcrepo-qa.lib.umd.edu/fcrepo/rest/dc/2021/1/f4/40/d0/f6/f440d0f6-8350-489b-b46f-8b743686ca69/m/HRZVQC7L/f/bS1Tsbyb,2024-12-20 22:21:56+00:00
https://fcrepo-qa.lib.umd.edu/fcrepo/rest/dc/2021/1/f4/fb/bc/16/f4fbbc16-6e62-4aa4-94cd-0996574ffbc4/m/wVwxdlDc/f/gHxXCJds,2025-06-09 19:42:31+00:00
https://fcrepo-qa.lib.umd.edu/fcrepo/rest/dc/2021/1/f4/ce/70/19/f4ce7019-133e-4025-8769-d5ba1f4c9ff4/m/o2IjF7yY/f/Me7-ZZSG,2025-06-21 03:43:32+00:00
https://fcrepo-qa.lib.umd.edu/fcrepo/rest/dc/2021/1/f4/da/bf/3b/f4dabf3b-1f52-496c-8fdb-370e93be0b97/m/ZxjR4lzN/f/o446hd-n,2025-06-21 06:00:54+00:00
https://fcrepo-qa.lib.umd.edu/fcrepo/rest/dc/2021/1/d7/cf/b8/38/d7cfb838-7e24-442f-a410-4c36caab0ba3/m/-e1fzn42/f/v4DHfhEL,2023-10-09 19:56:28+00:00
https://fcrepo-qa.lib.umd.edu/fcrepo/rest/dc/2021/1/d7/cf/fa/a3/d7cffaa3-7d3a-4b30-9574-e0536f668509/m/cyf_i6E5/f/dx6KA_I5,2021-02-01 22:56:01+00:00
https://fcrepo-qa.lib.umd.edu/fcrepo/rest/dc/2021/1/d7/cf/fa/a3/d7cffaa3-7d3a-4b30-9574-e0536f668509/m/dkp8HNCZ/f/p11KVDio,2021-02-01 22:56:01+00:00
https://fcrepo-qa.lib.umd.edu/fcrepo/rest/dc/2021/1/d7/f2/2e/6e/d7f22e6e-cb6f-49c0-a362-e1356174a9b8/m/z1FvVQLG/f/8E_y3qoP,2021-02-01 22:53:18+00:00
https://fcrepo-qa.lib.umd.edu/fcrepo/rest/dc/2021/1/d7/98/7c/5c/d7987c5c-4918-4710-b797-20751b8ac841/m/6iZqTTdn/f/Rjcik-AT,2021-02-02 01:34:53+00:00
https://fcrepo-qa.lib.umd.edu/fcrepo/rest/dc/2021/1/d7/ab/54/4d/d7ab544d-70eb-4e93-93d2-7bba220fb0a1/m/9oY3h0Ta/f/iWxfDfVm,2022-12-14 18:54:08+00:00
https://fcrepo-qa.lib.umd.edu/fcrepo/rest/dc/2021/1/d7/ab/54/4d/d7ab544d-70eb-4e93-93d2-7bba220fb0a1/m/CoQIOhn5/f/rtwjYVIw,2022-12-14 18:54:08+00:00
https://fcrepo-qa.lib.umd.edu/fcrepo/rest/dc/2021/1/d7/ab/54/4d/d7ab544d-70eb-4e93-93d2-7bba220fb0a1/m/-PJXA7aN/f/fk3W9Oqu,2022-12-14 18:54:08+00:00
https://fcrepo-qa.lib.umd.edu/fcrepo/rest/dc/2021/1/d7/ab/54/4d/d7ab544d-70eb-4e93-93d2-7bba220fb0a1/m/C_63mole/f/GEg3fr-A,2022-12-14 18:54:08+00:00
https://fcrepo-qa.lib.umd.edu/fcrepo/rest/dc/2021/1/d7/e5/14/11/d7e51411-d401-49f7-83ac-5d7148755dee/m/eo2o564g/f/MH7YmMBW,2025-06-03 20:16:38+00:00
https://fcrepo-qa.lib.umd.edu/fcrepo/rest/dc/2021/1/d7/bc/3d/93/d7bc3d93-cc4f-4815-9eaf-58171cb7c112/m/35taKOO-/f/kgBAVgcB,2021-08-25 03:08:14+00:00
https://fcrepo-qa.lib.umd.edu/fcrepo/rest/dc/2021/1/d7/88/94/d6/d78894d6-727e-4dc0-9724-22638044874a/m/uSp59jb0/f/tlKL1G3h,2023-05-06 15:02:05+00:00
https://fcrepo-qa.lib.umd.edu/fcrepo/rest/dc/2021/1/d7/ca/c8/e9/d7cac8e9-f2bd-4cd8-b724-88f695d3db62/m/cWUdBAWp/f/-DzCt0JK,2021-08-25 03:13:53+00:00
https://fcrepo-qa.lib.umd.edu/fcrepo/rest/dc/2021/1/d7/e5/3e/6d/d7e53e6d-5e52-4a19-9233-d7bffa07d06f/m/QuLfuIFm/f/5YLcO48L,2022-12-14 19:01:14+00:00
https://fcrepo-qa.lib.umd.edu/fcrepo/rest/dc/2021/1/d7/88/ca/53/d788ca53-be34-4b2a-8324-428ecb593314/m/nxMkv_29/f/q0ob2pFZ,2022-12-14 19:05:03+00:00
https://fcrepo-qa.lib.umd.edu/fcrepo/rest/dc/2021/1/d7/77/b2/86/d777b286-6683-4db4-90eb-04968d021a38/m/mfovxtqK/f/T4HdNyOD,2021-08-25 03:07:34+00:00
https://fcrepo-qa.lib.umd.edu/fcrepo/rest/dc/2021/1/d7/d9/32/b1/d7d932b1-aabc-4301-8635-803874d2cdd6/m/_QXSRftw/f/ZZBTAoGA,2023-10-09 19:16:05+00:00
https://fcrepo-qa.lib.umd.edu/fcrepo/rest/dc/2021/1/d7/6a/43/e0/d76a43e0-5e24-445e-bad2-cccb2f4cd44e/m/CMrQpqrD/f/Olndq7VQ,2024-05-15 23:06:14+00:00
https://fcrepo-qa.lib.umd.edu/fcrepo/rest/dc/2021/1/d7/6a/43/e0/d76a43e0-5e24-445e-bad2-cccb2f4cd44e/m/mA1FvERk/f/spXiHxD6,2024-05-15 23:06:14+00:00
https://fcrepo-qa.lib.umd.edu/fcrepo/rest/dc/2021/1/d7/93/98/e9/d79398e9-afb4-43fa-aa69-9e797a18f5fb/m/BFtfYVZI/f/lwKbnVft,2023-10-09 20:30:16+00:00
https://fcrepo-qa.lib.umd.edu/fcrepo/rest/dc/2021/1/d7/a2/58/f0/d7a258f0-cb43-4d1d-9dbd-52111795a12b/m/Fd7Ptnc4/f/ImqPlCEs,2024-05-15 23:09:54+00:00
https://fcrepo-qa.lib.umd.edu/fcrepo/rest/dc/2021/1/d7/b4/bf/63/d7b4bf63-6d69-4a89-805b-8bed9364c5dd/m/Zw1uxppO/f/D3rIjM9O,2023-10-09 20:20:40+00:00
https://fcrepo-qa.lib.umd.edu/fcrepo/rest/dc/2021/1/d7/80/4e/f1/d7804ef1-107a-4a42-8978-a52c5a83b356/m/QI67JFFQ/f/M_CtX9Tl,2023-10-09 19:51:42+00:00
https://fcrepo-qa.lib.umd.edu/fcrepo/rest/dc/2021/1/d7/33/6d/cc/d7336dcc-7a95-40f7-8d8e-de1b92716d46/m/0YpOe2tU/f/DIX7f29v,2023-10-09 20:20:56+00:00
https://fcrepo-qa.lib.umd.edu/fcrepo/rest/dc/2021/1/d7/82/c7/44/d782c744-8bc2-4b04-9156-faf392ba1463/m/v8KxGNwB/f/imNCmPOz,2023-10-09 20:58:48+00:00
https://fcrepo-qa.lib.umd.edu/fcrepo/rest/dc/2021/1/d7/63/6a/15/d7636a15-f696-4982-bf4f-7d72a8170a2c/m/lY9u1zBm/f/5GHo6Y_M,2023-05-09 22:28:08+00:00
https://fcrepo-qa.lib.umd.edu/fcrepo/rest/dc/2021/1/d7/62/73/68/d7627368-3d76-434a-8f5e-7cb449883877/m/4dad_VpK/f/od46WUJm,2023-10-09 19:55:25+00:00
https://fcrepo-qa.lib.umd.edu/fcrepo/rest/dc/2021/1/d7/ef/37/1a/d7ef371a-f9ec-452c-9f31-6e36f7da9dce/m/tnilkPbX/f/4wnRme6q,2025-06-09 18:23:39+00:00
https://fcrepo-qa.lib.umd.edu/fcrepo/rest/dc/2021/1/d7/0b/0f/92/d70b0f92-67ef-4673-9d31-91fb091c382e/m/uO9jH7NB/f/GGBjMONE,2025-06-09 18:33:04+00:00
https://fcrepo-qa.lib.umd.edu/fcrepo/rest/dc/2021/1/d7/d4/21/cf/d7d421cf-3595-4575-b2b2-cb10bb2ee7d3/m/hVCECpzn/f/oDE7U76N,2024-12-20 22:21:19+00:00
https://fcrepo-qa.lib.umd.edu/fcrepo/rest/dc/2021/1/d7/71/6c/50/d7716c50-9865-4131-9610-b8ddac9679ed/m/339-oyKm/f/ttDYe47i,2024-09-23 12:59:56+00:00
https://fcrepo-qa.lib.umd.edu/fcrepo/rest/dc/2021/1/d7/71/6c/50/d7716c50-9865-4131-9610-b8ddac9679ed/m/vnrvmUg5/f/9aiS6AKf,2024-09-23 12:59:56+00:00
https://fcrepo-qa.lib.umd.edu/fcrepo/rest/dc/2021/1/d7/71/6c/50/d7716c50-9865-4131-9610-b8ddac9679ed/m/91wnqriw/f/OVPoMito,2024-09-23 12:59:56+00:00
https://fcrepo-qa.lib.umd.edu/fcrepo/rest/dc/2021/1/d7/b7/1e/5b/d7b71e5b-8364-4560-b43d-8f6b6593ebf0/m/Uvjejcbo/f/1454LupA,2024-08-29 13:56:38+00:00
https://fcrepo-qa.lib.umd.edu/fcrepo/rest/dc/2021/1/d7/84/fd/be/d784fdbe-3bf8-4772-8b57-34b10ac3244a/m/Wz3NGr3r/f/wqzyIUaI,2025-06-09 18:57:18+00:00
https://fcrepo-qa.lib.umd.edu/fcrepo/rest/dc/2021/1/d7/84/fd/be/d784fdbe-3bf8-4772-8b57-34b10ac3244a/m/ztC-zEHa/f/CHErYvBU,2025-06-09 18:57:18+00:00
https://fcrepo-qa.lib.umd.edu/fcrepo/rest/dc/2021/1/d7/0e/ec/34/d70eec34-4c5c-4716-b082-4e792f03a34b/m/zqC4MrvB/f/FYtBJ25Q,2025-06-03 20:12:51+00:00
https://fcrepo-qa.lib.umd.edu/fcrepo/rest/dc/2021/1/d7/52/1c/45/d7521c45-7e1d-4e3a-b143-dd53c943c5db/m/IHmaugDh/f/tOWzTGMc,2025-06-03 20:30:12+00:00
https://fcrepo-qa.lib.umd.edu/fcrepo/rest/dc/2021/1/d7/e1/4b/fe/d7e14bfe-a7f6-4039-9480-31dec463dcd5/m/LLCLJEPI/f/KfMk3B3F,2025-06-03 20:10:31+00:00
https://fcrepo-qa.lib.umd.edu/fcrepo/rest/dc/2021/1/c3/69/67/a9/c36967a9-087a-497c-bc9b-f46c3dc1496a/m/iLCeHFsR/f/u7RavPzy,2021-08-25 03:10:08+00:00
https://fcrepo-qa.lib.umd.edu/fcrepo/rest/dc/2021/1/c3/36/9f/d0/c3369fd0-146a-467d-aafb-9df9ab97ec9b/m/o_sQkP58/f/sy9iJ0Av,2022-12-14 19:01:29+00:00
https://fcrepo-qa.lib.umd.edu/fcrepo/rest/dc/2021/1/c3/33/5a/b4/c3335ab4-6ffe-4297-a187-374da4ea17d3/m/znvzSGn1/f/C-RNclnz,2021-08-25 03:10:27+00:00
https://fcrepo-qa.lib.umd.edu/fcrepo/rest/dc/2021/1/c3/89/26/96/c3892696-649e-4ca4-9560-fa962b233853/m/GTMxstJq/f/TDBajmcB,2021-08-25 03:11:48+00:00
https://fcrepo-qa.lib.umd.edu/fcrepo/rest/dc/2021/1/c3/73/38/10/c3733810-1999-4ef1-8905-3ae348b31233/m/CF96qr58/f/HWwzVL9H,2022-12-14 19:05:08+00:00
https://fcrepo-qa.lib.umd.edu/fcrepo/rest/dc/2021/1/c3/0c/dc/8a/c30cdc8a-e195-45c4-bb83-c4b740045b55/m/65brnOpv/f/v_Wg9ZSq,2021-08-25 03:14:29+00:00
https://fcrepo-qa.lib.umd.edu/fcrepo/rest/dc/2021/1/c3/ac/a0/28/c3aca028-ea5d-42ba-807e-729ab8cb2db2/m/wtjBWJt1/f/1yqiWVdz,2021-02-01 22:53:48+00:00
https://fcrepo-qa.lib.umd.edu/fcrepo/rest/dc/2021/1/c3/1a/16/3f/c31a163f-ea5f-4286-8647-8709f70485b7/m/PVjuSrD9/f/ZcwpPtAA,2021-02-02 01:39:50+00:00
https://fcrepo-qa.lib.umd.edu/fcrepo/rest/dc/2021/1/c3/b4/cf/4e/c3b4cf4e-5b0c-4e7d-843d-0ae71323a201/m/FC-Ph-JL/f/I4dlMiZY,2021-02-02 01:34:41+00:00
https://fcrepo-qa.lib.umd.edu/fcrepo/rest/dc/2021/1/c3/ac/10/f7/c3ac10f7-79c0-472f-aa0a-c1c4aff8ebfc/m/n1BXSYsX/f/qLwIbMXr,2021-02-02 01:39:37+00:00
https://fcrepo-qa.lib.umd.edu/fcrepo/rest/dc/2021/1/c3/01/70/0f/c301700f-8dc6-4a29-acdb-647cc19ea81a/m/nKTYtWFy/f/Kl53rMov,2023-10-09 20:47:34+00:00
https://fcrepo-qa.lib.umd.edu/fcrepo/rest/dc/2021/1/c3/e8/95/cd/c3e895cd-792b-46ec-b18c-1b962983d883/m/Dv6ghiCM/f/Q69_iCN1,2023-05-05 21:32:13+00:00
https://fcrepo-qa.lib.umd.edu/fcrepo/rest/dc/2021/1/c3/2f/32/f1/c32f32f1-39fd-4d42-80fc-c42fa4f52674/m/OGb5caUS/f/YuVJw7QB,2023-05-06 15:00:24+00:00
https://fcrepo-qa.lib.umd.edu/fcrepo/rest/dc/2021/1/c3/68/39/2d/c368392d-10ed-452f-bd1a-b55d591b6239/m/pN4juayu/f/ZKK6uuHs,2023-05-05 21:38:01+00:00
https://fcrepo-qa.lib.umd.edu/fcrepo/rest/dc/2021/1/c3/9f/80/ae/c39f80ae-03d7-4a91-9101-8349f3431101/m/cRxReX44/f/XSDVMR9b,2023-05-05 21:38:59+00:00
https://fcrepo-qa.lib.umd.edu/fcrepo/rest/dc/2021/1/c3/54/d9/b5/c354d9b5-9fca-4fe3-a07b-96d758bff8b0/m/FaEtyNY7/f/aDinJsv0,2023-05-09 22:25:40+00:00
https://fcrepo-qa.lib.umd.edu/fcrepo/rest/dc/2021/1/c3/01/75/5b/c301755b-46ea-4100-97cc-4bdbff87b30c/m/A3NdGNrC/f/mhywfP-7,2022-12-14 19:07:39+00:00
https://fcrepo-qa.lib.umd.edu/fcrepo/rest/dc/2021/1/c3/a6/e7/27/c3a6e727-238a-43e0-b2f7-8e4822932c06/m/XV5gbHJ-/f/2HoHHTbk,2023-05-05 21:43:23+00:00
https://fcrepo-qa.lib.umd.edu/fcrepo/rest/dc/2021/1/c3/f2/ba/1e/c3f2ba1e-9dd9-44ec-a4f9-8e6bc18d7ffd/m/bsbNQwub/f/q2php6-i,2023-05-09 22:25:50+00:00
https://fcrepo-qa.lib.umd.edu/fcrepo/rest/dc/2021/1/c3/27/13/c5/c32713c5-a5d5-43aa-b807-f3c3c63ba2bc/m/NAh-JkMC/f/sMV5ZsG8,2024-05-15 22:53:41+00:00
https://fcrepo-qa.lib.umd.edu/fcrepo/rest/dc/2021/1/c3/a8/17/a5/c3a817a5-1a8a-42e7-9741-313674893f9a/m/C-J-qyUx/f/O_TzPMjU,2023-10-09 20:49:53+00:00
https://fcrepo-qa.lib.umd.edu/fcrepo/rest/dc/2021/1/c3/b2/36/df/c3b236df-4828-4dfe-954d-59fa22a8dfdd/m/xLzuI0iw/f/zR1JrQdO,2023-05-09 22:28:44+00:00
https://fcrepo-qa.lib.umd.edu/fcrepo/rest/dc/2021/1/c3/22/74/d3/c32274d3-fbab-48bc-8a8b-16c742982578/m/NVJAKBWv/f/cGQfevny,2023-10-09 19:46:37+00:00
https://fcrepo-qa.lib.umd.edu/fcrepo/rest/dc/2021/1/c3/f4/0b/6e/c3f40b6e-07b4-465e-b268-7c5f0b65153c/m/BoF9lYBM/f/Lm1egH3q,2024-05-15 22:47:54+00:00
https://fcrepo-qa.lib.umd.edu/fcrepo/rest/dc/2021/1/c3/ec/45/e3/c3ec45e3-e18a-4010-ace4-f2020755d03f/m/JXgCEQv4/f/0TntwHo4,2023-10-09 20:26:05+00:00
https://fcrepo-qa.lib.umd.edu/fcrepo/rest/dc/2021/1/c3/b5/bf/f2/c3b5bff2-b74c-41c0-a8cd-d2f89fb21535/m/qcfCZlOQ/f/VzdOm6vi,2023-10-09 20:18:10+00:00
https://fcrepo-qa.lib.umd.edu/fcrepo/rest/dc/2021/1/c3/04/05/4c/c304054c-5cbd-4e5d-a4ed-f0faf4fb527e/m/ppAgzSJO/f/J5aC0tIn,2023-05-09 22:29:17+00:00
https://fcrepo-qa.lib.umd.edu/fcrepo/rest/dc/2021/1/c3/d5/c9/c6/c3d5c9c6-930b-4eec-aa02-44772eadbf36/m/javfjpho/f/jv1nDTvc,2024-05-15 23:14:32+00:00
https://fcrepo-qa.lib.umd.edu/fcrepo/rest/dc/2021/1/c3/7a/e2/67/c37ae267-88e7-40c4-8513-4b2c6bc9c905/m/iYfPRYFn/f/tjXt_BV_,2025-06-09 19:41:51+00:00
https://fcrepo-qa.lib.umd.edu/fcrepo/rest/dc/2021/1/c3/7a/e2/67/c37ae267-88e7-40c4-8513-4b2c6bc9c905/m/wLpmzBuL/f/pNOTE-LW,2025-06-09 19:41:51+00:00
https://fcrepo-qa.lib.umd.edu/fcrepo/rest/dc/2021/1/c3/7a/e2/67/c37ae267-88e7-40c4-8513-4b2c6bc9c905/m/bkKJ-xcU/f/M557TyaS,2025-06-09 19:41:51+00:00
https://fcrepo-qa.lib.umd.edu/fcrepo/rest/dc/2021/1/c3/7a/e2/67/c37ae267-88e7-40c4-8513-4b2c6bc9c905/m/5JAGROQc/f/_Sdn9wis,2025-06-09 19:41:51+00:00
https://fcrepo-qa.lib.umd.edu/fcrepo/rest/dc/2021/1/c3/7a/e2/67/c37ae267-88e7-40c4-8513-4b2c6bc9c905/m/GFh3x4F1/f/3TW5S5JV,2025-06-09 19:41:51+00:00
https://fcrepo-qa.lib.umd.edu/fcrepo/rest/dc/2021/1/c3/a5/88/8f/c3a5888f-bc28-428a-bdd1-5116a4c989d3/m/cus6CLKs/f/3zmx41Od,2025-06-09 18:33:15+00:00
https://fcrepo-qa.lib.umd.edu/fcrepo/rest/dc/2021/1/c3/72/53/61/c3725361-c8e7-4750-bec7-b6239fc2ca71/m/Fq8zFaf0/f/TrXVh9Ks,2024-08-29 14:05:44+00:00
https://fcrepo-qa.lib.umd.edu/fcrepo/rest/dc/2021/1/96/eb/17/69/96eb1769-f966-4fc6-92d7-9b99591d56c0/m/IBo0nJpT/f/7CWTz255,2024-05-15 23:10:02+00:00
https://fcrepo-qa.lib.umd.edu/fcrepo/rest/dc/2021/1/c3/49/be/53/c349be53-b0e8-4dc2-b56b-3c2e94c235b3/m/tR5ix1al/f/UC07dJQg,2025-05-19 21:59:31+00:00
https://fcrepo-qa.lib.umd.edu/fcrepo/rest/dc/2021/1/c3/2a/3a/10/c32a3a10-749e-4ba9-a38a-c1a8536eb8ec/m/iqEpx1m_/f/GoZeTa4O,2025-06-17 15:17:53+00:00
https://fcrepo-qa.lib.umd.edu/fcrepo/rest/dc/2021/1/c3/e5/e5/7b/c3e5e57b-bfd0-47bc-b1bf-562f8ad190d8/m/CWjfpPUl/f/eCKhCNPG,2024-09-23 13:52:12+00:00
https://fcrepo-qa.lib.umd.edu/fcrepo/rest/dc/2021/1/c3/d4/5d/38/c3d45d38-597d-4b57-8656-f36211c96050/m/wi68Mwri/f/nE0w-Zpo,2025-06-03 20:13:18+00:00
https://fcrepo-qa.lib.umd.edu/fcrepo/rest/dc/2021/1/96/eb/7a/6a/96eb7a6a-2d8f-45eb-b299-4ab67878c7f8/m/3WGXOs-J/f/WYLdUChn,2021-02-01 22:53:49+00:00
https://fcrepo-qa.lib.umd.edu/fcrepo/rest/dc/2021/1/96/5b/06/4d/965b064d-ddd8-4cea-9451-7292a5151507/m/CJ9yAgEy/f/rsZaELc3,2021-08-25 03:14:19+00:00
https://fcrepo-qa.lib.umd.edu/fcrepo/rest/dc/2021/1/96/5b/06/4d/965b064d-ddd8-4cea-9451-7292a5151507/m/9KISwdxo/f/osoj-typ,2021-08-25 03:14:19+00:00
https://fcrepo-qa.lib.umd.edu/fcrepo/rest/dc/2021/1/96/a9/f2/33/96a9f233-9a68-4d59-84f5-bc477f7529ca/m/Dqqo55Om/f/wojAyu1b,2024-08-29 14:33:57+00:00
https://fcrepo-qa.lib.umd.edu/fcrepo/rest/dc/2021/1/96/4f/c4/a7/964fc4a7-c090-4441-a216-a86eb3b1e7e9/m/nNf9XDnE/f/ov4fiuEx,2021-08-25 03:04:31+00:00
https://fcrepo-qa.lib.umd.edu/fcrepo/rest/dc/2021/1/96/a9/59/52/96a95952-b166-4064-9b96-452660bd2d6c/m/QFqXJfZ-/f/nTofHdC-,2021-08-25 03:10:33+00:00
https://fcrepo-qa.lib.umd.edu/fcrepo/rest/dc/2021/1/96/bf/b7/61/96bfb761-9108-4674-ae7e-20542c92e875/m/2uBjrECv/f/n-TmNIrU,2021-08-25 02:59:23+00:00
https://fcrepo-qa.lib.umd.edu/fcrepo/rest/dc/2021/1/96/f8/34/86/96f83486-fcbe-4016-aad8-a6a68fd2f2d8/m/cA_y_I47/f/EubjJC0Z,2021-02-01 22:55:37+00:00
https://fcrepo-qa.lib.umd.edu/fcrepo/rest/dc/2021/1/96/d0/58/f6/96d058f6-0492-470b-ba06-ecdefa504d11/m/QHqEax5g/f/U6AOrFC7,2021-02-01 22:54:57+00:00
https://fcrepo-qa.lib.umd.edu/fcrepo/rest/dc/2021/1/96/ac/b2/2a/96acb22a-95d2-4ba4-be64-7985273578cc/m/B6isGv9z/f/nCiinKBp,2021-02-02 01:34:48+00:00
https://fcrepo-qa.lib.umd.edu/fcrepo/rest/dc/2021/1/96/d1/5f/84/96d15f84-1828-40ee-b18d-3ea3ef945848/m/GkkPpStZ/f/GbcBVm2B,2021-02-02 15:55:01+00:00
https://fcrepo-qa.lib.umd.edu/fcrepo/rest/dc/2021/1/96/7c/c6/e5/967cc6e5-24d0-4b17-9789-9b5d886f8b25/m/AozQpqSe/f/Pg7z2wU9,2022-12-14 19:08:34+00:00
https://fcrepo-qa.lib.umd.edu/fcrepo/rest/dc/2021/1/96/dd/82/96/96dd8296-31f1-44dc-8d95-a629a49e5050/m/scGRZ9Gz/f/3dM7vJtf,2024-09-23 13:56:11+00:00
https://fcrepo-qa.lib.umd.edu/fcrepo/rest/dc/2021/1/96/dd/82/96/96dd8296-31f1-44dc-8d95-a629a49e5050/m/eOsdRnKo/f/D61_FbNd,2024-09-23 13:56:11+00:00
https://fcrepo-qa.lib.umd.edu/fcrepo/rest/dc/2021/1/96/dd/d0/9d/96ddd09d-1ff5-4269-b375-352ccf0c0858/m/rmEn5Z-N/f/sd49-9MW,2022-12-14 19:02:44+00:00
https://fcrepo-qa.lib.umd.edu/fcrepo/rest/dc/2021/1/96/cd/af/1c/96cdaf1c-b618-4718-ba6e-0c595b249091/m/h9KVOJ-9/f/VRXXOQRe,2022-12-14 18:56:45+00:00
https://fcrepo-qa.lib.umd.edu/fcrepo/rest/dc/2021/1/96/90/ef/63/9690ef63-6663-4188-88f2-d7743a75c473/m/56VIfzzg/f/06LEJYi3,2023-05-06 15:04:16+00:00
https://fcrepo-qa.lib.umd.edu/fcrepo/rest/dc/2021/1/96/b6/78/14/96b67814-90ed-4767-b296-9beff466a2c9/m/K9-YQzWP/f/Mk5LiK4j,2022-12-14 18:45:56+00:00
https://fcrepo-qa.lib.umd.edu/fcrepo/rest/dc/2021/1/96/30/8b/6f/96308b6f-5f4b-4760-8fda-e0a707e9637b/m/VgXCrHs3/f/p0kqjDlu,2023-05-09 22:22:13+00:00
https://fcrepo-qa.lib.umd.edu/fcrepo/rest/dc/2021/1/96/8c/61/df/968c61df-0bea-449a-a1e6-ae0befca2436/m/11qJzh4f/f/9i4NSLzu,2023-05-06 15:04:45+00:00
https://fcrepo-qa.lib.umd.edu/fcrepo/rest/dc/2021/1/96/06/cb/8e/9606cb8e-05e9-4e18-9254-c48d78e873fd/m/Z77Gp2uI/f/UGqvSjfz,2023-05-05 21:39:42+00:00
https://fcrepo-qa.lib.umd.edu/fcrepo/rest/dc/2021/1/96/bc/6f/0b/96bc6f0b-4062-4f01-9d51-d88d8e8aaa9c/m/SSgra4yQ/f/Y5604WdW,2023-10-09 20:36:36+00:00
https://fcrepo-qa.lib.umd.edu/fcrepo/rest/dc/2021/1/96/9b/a5/1e/969ba51e-ef93-481b-9443-724fea31578f/m/Z78F_uHm/f/4c9hs6_h,2024-05-15 23:15:54+00:00
https://fcrepo-qa.lib.umd.edu/fcrepo/rest/dc/2021/1/96/f0/dc/3c/96f0dc3c-11a3-4840-8236-afbd0ef6fbb1/m/z-l2MQKd/f/_zCk70FD,2024-05-15 23:30:05+00:00
https://fcrepo-qa.lib.umd.edu/fcrepo/rest/dc/2021/1/96/b1/ca/80/96b1ca80-7db1-464f-91f3-27ff0e30f3bb/m/BLTZCMaI/f/no6xdhI6,2023-10-09 21:01:23+00:00
https://fcrepo-qa.lib.umd.edu/fcrepo/rest/dc/2021/1/96/e4/94/41/96e49441-6548-4d7f-8acc-c94a23a9dcff/m/Evj7G8Ty/f/N33DB0Fa,2023-05-09 22:23:19+00:00
https://fcrepo-qa.lib.umd.edu/fcrepo/rest/dc/2021/1/96/15/08/a2/961508a2-21ea-45ea-af6e-7d1e7010338e/m/sJoiLH1j/f/3n9-enjz,2023-05-09 22:27:36+00:00
https://fcrepo-qa.lib.umd.edu/fcrepo/rest/dc/2021/1/96/f9/0e/84/96f90e84-c74f-4d08-b3a5-f92fc032be63/m/M8Gtbv1N/f/P9Ou4pj8,2024-05-15 23:10:07+00:00
https://fcrepo-qa.lib.umd.edu/fcrepo/rest/dc/2021/1/96/f9/9f/a8/96f99fa8-be6c-4bd8-a1aa-2344b02deafd/m/7x8c6M50/f/SsuPIEMs,2025-06-09 19:11:34+00:00
https://fcrepo-qa.lib.umd.edu/fcrepo/rest/dc/2021/1/96/00/3b/85/96003b85-6166-4532-bddc-6cae57014659/m/KBeh6Hyt/f/k0gL_pf9,2024-05-15 23:12:38+00:00
https://fcrepo-qa.lib.umd.edu/fcrepo/rest/dc/2021/1/96/34/ad/cc/9634adcc-1ab5-40d1-8a80-bc07e2ad17bc/m/WSXL0vsX/f/cLWEewuq,2024-08-29 13:48:54+00:00
https://fcrepo-qa.lib.umd.edu/fcrepo/rest/dc/2021/1/96/56/9f/53/96569f53-0072-4e20-8078-94762b2d9bbc/m/iGXAavEo/f/l_d8GGY7,2025-06-09 18:59:56+00:00
https://fcrepo-qa.lib.umd.edu/fcrepo/rest/dc/2021/1/96/56/9f/53/96569f53-0072-4e20-8078-94762b2d9bbc/m/v8zw38QH/f/AZzE_dFa,2025-06-09 18:59:56+00:00
https://fcrepo-qa.lib.umd.edu/fcrepo/rest/dc/2021/1/96/e8/27/89/96e82789-9f18-47c2-ad9b-da438825b1e8/m/0aSB37QS/f/i3jmsVoC,2025-06-03 20:11:51+00:00
https://fcrepo-qa.lib.umd.edu/fcrepo/rest/dc/2021/1/96/ee/58/21/96ee5821-85ae-463d-937a-7d916c3c7821/m/EIRY5pX4/f/Z9lg7AbV,2025-06-03 20:34:15+00:00
https://fcrepo-qa.lib.umd.edu/fcrepo/rest/dc/2021/1/96/ae/b7/18/96aeb718-9e51-4f86-87e3-647364bcb002/m/iJVg_WEM/f/9IwwEb8W,2024-08-28 20:57:21+00:00
https://fcrepo-qa.lib.umd.edu/fcrepo/rest/dc/2021/1/96/9e/5d/cb/969e5dcb-d577-4515-b496-b4c625dab998/m/BBSis2GS/f/d5oxwx4v,2024-08-29 14:39:09+00:00
https://fcrepo-qa.lib.umd.edu/fcrepo/rest/dc/2021/1/96/a2/36/8c/96a2368c-f6a0-4114-8337-8fe07e8c36be/m/bUM-jDAr/f/UIjez3Ty,2024-08-29 15:07:28+00:00
https://fcrepo-qa.lib.umd.edu/fcrepo/rest/dc/2021/1/96/39/9f/6a/96399f6a-ce51-4910-9ecd-4f7e4c8044f2/m/CzC2jME2/f/f_Gr52ON,2024-08-28 21:00:29+00:00
https://fcrepo-qa.lib.umd.edu/fcrepo/rest/dc/2021/1/96/da/68/bd/96da68bd-e841-49c6-a1f6-2375809b8b55/m/B3lKqTBS/f/gPtOywJV,2024-09-17 21:03:32+00:00
https://fcrepo-qa.lib.umd.edu/fcrepo/rest/dc/2021/1/5f/fe/b4/dd/5ffeb4dd-d3ac-40d5-ab1b-b3b8620cd874/m/g07oqj2k/f/X0RJsAD6,2025-06-20 22:37:42+00:00
https://fcrepo-qa.lib.umd.edu/fcrepo/rest/dc/2021/1/5f/fe/b4/dd/5ffeb4dd-d3ac-40d5-ab1b-b3b8620cd874/m/xbucctoM/f/wg2EaI1x,2025-06-20 22:37:42+00:00
https://fcrepo-qa.lib.umd.edu/fcrepo/rest/dc/2021/1/5f/fe/b4/dd/5ffeb4dd-d3ac-40d5-ab1b-b3b8620cd874/m/sUoOCYZi/f/jErxM8th,2025-06-20 22:37:42+00:00
https://fcrepo-qa.lib.umd.edu/fcrepo/rest/dc/2021/1/5f/fe/b4/dd/5ffeb4dd-d3ac-40d5-ab1b-b3b8620cd874/m/UYYBT1CO/f/4iBAu4Y9,2025-06-20 22:37:42+00:00
https://fcrepo-qa.lib.umd.edu/fcrepo/rest/dc/2021/1/5f/fe/b4/dd/5ffeb4dd-d3ac-40d5-ab1b-b3b8620cd874/m/eQWSIh9c/f/BQQEI86k,2025-06-20 22:37:42+00:00
https://fcrepo-qa.lib.umd.edu/fcrepo/rest/dc/2021/1/96/24/54/9f/9624549f-4bb6-493e-80f3-300a7dce01fa/m/6iuB09ZV/f/5JM276XL,2025-06-21 06:00:19+00:00
https://fcrepo-qa.lib.umd.edu/fcrepo/rest/dc/2021/1/96/24/54/9f/9624549f-4bb6-493e-80f3-300a7dce01fa/m/BAJMliTY/f/e8iT7DUn,2025-06-21 06:00:19+00:00
https://fcrepo-qa.lib.umd.edu/fcrepo/rest/dc/2021/1/96/24/54/9f/9624549f-4bb6-493e-80f3-300a7dce01fa/m/WO7OKzk8/f/A_o2h1Wm,2025-06-21 06:00:19+00:00
https://fcrepo-qa.lib.umd.edu/fcrepo/rest/dc/2021/1/96/8d/a4/2a/968da42a-eba7-468c-8ee1-dca2a66341c3/m/Qum305wy/f/A4KBXwB-,2025-06-17 15:36:38+00:00
https://fcrepo-qa.lib.umd.edu/fcrepo/rest/dc/2021/1/96/76/8e/32/96768e32-1bad-478c-9d4e-75e6bd1e1e20/m/AzjPIRE0/f/RB2Rmocc,2025-06-09 19:11:48+00:00
https://fcrepo-qa.lib.umd.edu/fcrepo/rest/dc/2021/1/96/78/5e/a6/96785ea6-bb52-4b64-9000-3dccc5f8beb0/m/7HNsse2t/f/keRVEFL7,2025-06-18 03:23:36+00:00
https://fcrepo-qa.lib.umd.edu/fcrepo/rest/dc/2021/1/96/37/a2/c3/9637a2c3-b7e9-457b-9764-cffccc255441/m/K1L8XeCe/f/0F8IeSrn,2025-06-21 05:56:59+00:00
https://fcrepo-qa.lib.umd.edu/fcrepo/rest/dc/2021/1/5f/bc/f0/ff/5fbcf0ff-caa8-4374-802f-6781c7fd9139/m/A9dUd8_b/f/Tdxidu8o,2021-02-01 22:53:50+00:00
https://fcrepo-qa.lib.umd.edu/fcrepo/rest/dc/2021/1/5f/d8/96/b5/5fd896b5-154a-4b2e-9e79-102d7abe5128/m/NFh3ELLf/f/Q7p4WuHM,2021-02-02 01:40:16+00:00
https://fcrepo-qa.lib.umd.edu/fcrepo/rest/dc/2021/1/5f/fe/52/f5/5ffe52f5-5fab-467d-ae47-7d28e65c4fee/m/tpM9t7y3/f/PrbzxIAF,2021-02-02 01:39:40+00:00
https://fcrepo-qa.lib.umd.edu/fcrepo/rest/dc/2021/1/5f/69/6c/d3/5f696cd3-96da-4779-8ca2-569658a9739d/m/2wYqigSa/f/rmtUiWyo,2021-08-25 03:03:03+00:00
https://fcrepo-qa.lib.umd.edu/fcrepo/rest/dc/2021/1/5f/ff/ae/75/5fffae75-becf-4f3d-a663-828ef448d1af/m/8KPYX0oM/f/ztV4fJNu,2022-12-14 19:05:20+00:00
https://fcrepo-qa.lib.umd.edu/fcrepo/rest/dc/2021/1/5f/34/f3/11/5f34f311-5191-4a9f-be2b-d3363c6ed00e/m/a6ghecCe/f/YwdSw74h,2023-05-05 21:32:08+00:00
https://fcrepo-qa.lib.umd.edu/fcrepo/rest/dc/2021/1/5f/e0/86/07/5fe08607-4d79-480b-8691-da14169bf0f5/m/l4UvdQ5y/f/gHt8LAFr,2023-05-05 21:39:23+00:00
https://fcrepo-qa.lib.umd.edu/fcrepo/rest/dc/2021/1/5f/bb/c3/4d/5fbbc34d-92be-451e-af6c-064dd9e86bb0/m/KSPWaBNr/f/Yt7SUxoy,2021-08-25 03:11:03+00:00
https://fcrepo-qa.lib.umd.edu/fcrepo/rest/dc/2021/1/5f/a0/c3/ef/5fa0c3ef-8e68-4a3e-8916-1e7285d0c750/m/yzD0lh6O/f/oiwEDKej,2022-12-14 19:06:45+00:00
https://fcrepo-qa.lib.umd.edu/fcrepo/rest/dc/2021/1/5f/33/ee/c9/5f33eec9-b3d7-4a1c-960c-747b4cd57815/m/O-YMmGX6/f/X-7_qIvy,2022-12-14 19:07:18+00:00
https://fcrepo-qa.lib.umd.edu/fcrepo/rest/dc/2021/1/5f/27/89/f1/5f2789f1-bfdd-4730-97b0-03a5d20a817b/m/A984VqWi/f/p7lEEd4j,2021-02-02 15:55:43+00:00
https://fcrepo-qa.lib.umd.edu/fcrepo/rest/dc/2021/1/5f/6b/f1/e7/5f6bf1e7-d685-4a3e-b393-ddbc6a8e4a9c/m/YknleDtf/f/4C69KSOl,2021-02-02 15:55:56+00:00
https://fcrepo-qa.lib.umd.edu/fcrepo/rest/dc/2021/1/5f/3a/45/7e/5f3a457e-de94-4418-836e-91db4009705a/m/nOu80kQu/f/uKinEjcM,2024-05-15 23:01:38+00:00
https://fcrepo-qa.lib.umd.edu/fcrepo/rest/dc/2021/1/5f/a1/a7/5d/5fa1a75d-baa7-4803-8d8b-1d896968320f/m/3lQxZHRg/f/eRB6C22h,2023-05-09 22:29:20+00:00
https://fcrepo-qa.lib.umd.edu/fcrepo/rest/dc/2021/1/5f/7d/58/aa/5f7d58aa-a054-4847-9fa2-5a13d5a646a5/m/rt0nSMUU/f/mUtG-fNW,2023-05-09 22:23:44+00:00
https://fcrepo-qa.lib.umd.edu/fcrepo/rest/dc/2021/1/5f/38/8c/58/5f388c58-0bc0-47f2-b6ba-416787b040d2/m/3lRBxylS/f/jGvAGvYX,2023-05-05 21:39:40+00:00
https://fcrepo-qa.lib.umd.edu/fcrepo/rest/dc/2021/1/5f/0c/8e/f4/5f0c8ef4-f4f0-4bac-a684-c44f67f6df82/m/GT06C2yv/f/o-_o9GMv,2023-10-09 20:17:47+00:00
https://fcrepo-qa.lib.umd.edu/fcrepo/rest/dc/2021/1/5f/4c/5b/cc/5f4c5bcc-999d-41b8-b8c9-6c035db31aa7/m/IcXAhu6a/f/Il7EZeCz,2023-10-09 19:45:59+00:00
https://fcrepo-qa.lib.umd.edu/fcrepo/rest/dc/2021/1/5f/e0/64/5e/5fe0645e-3240-4ced-a012-66119c951a54/m/sgIyJBcO/f/J1_hjemS,2023-05-09 22:26:38+00:00
https://fcrepo-qa.lib.umd.edu/fcrepo/rest/dc/2021/1/5f/3b/98/1c/5f3b981c-9b8e-4a72-8339-34c5e304d681/m/jTr_NogZ/f/WN5134W-,2023-10-09 20:29:48+00:00
https://fcrepo-qa.lib.umd.edu/fcrepo/rest/dc/2021/1/5f/06/29/f1/5f0629f1-9e43-43aa-a76d-3a4312f5c669/m/uW9w2inS/f/H3JJYqNe,2024-05-15 22:54:23+00:00
https://fcrepo-qa.lib.umd.edu/fcrepo/rest/dc/2021/1/5f/94/e2/f6/5f94e2f6-b320-40dd-919d-dfdcfb43da47/m/BCpd2ZNh/f/Kh9rlMd9,2024-08-29 14:07:06+00:00
https://fcrepo-qa.lib.umd.edu/fcrepo/rest/dc/2021/1/5f/f9/87/49/5ff98749-868d-4b20-8ff8-379ef301c635/m/fsGBCO-i/f/wqZsjjQX,2025-06-03 20:34:37+00:00
https://fcrepo-qa.lib.umd.edu/fcrepo/rest/dc/2021/1/5f/ba/e6/a1/5fbae6a1-5c91-4c69-9c49-25f668b21c3b/m/zxLoQZ6C/f/69tHbShP,2024-12-20 22:24:44+00:00
https://fcrepo-qa.lib.umd.edu/fcrepo/rest/dc/2021/1/5f/2d/be/0c/5f2dbe0c-06ae-4bd6-86b2-230b7987f997/m/sW7zvcIA/f/1KqceTZD,2025-06-03 20:32:22+00:00
https://fcrepo-qa.lib.umd.edu/fcrepo/rest/dc/2021/1/5f/80/b4/fb/5f80b4fb-6896-4d02-a8fb-71bc4f0f72e5/m/Odik_3nl/f/PM8ZVtI1,2025-06-03 20:16:08+00:00
https://fcrepo-qa.lib.umd.edu/fcrepo/rest/dc/2021/1/5f/c4/9e/72/5fc49e72-2251-416c-955b-1e5bc0269140/m/TWRkfFHT/f/SU-jGm2y,2024-05-15 23:17:09+00:00
https://fcrepo-qa.lib.umd.edu/fcrepo/rest/dc/2021/1/5f/c3/58/94/5fc35894-9315-49f3-bae9-304174fe445e/m/t-5AmUmk/f/CjWXBNFX,2024-08-28 21:19:04+00:00
https://fcrepo-qa.lib.umd.edu/fcrepo/rest/dc/2021/1/5f/7f/03/f3/5f7f03f3-d130-40bb-b490-4b97b5137448/m/W9TlOt5A/f/FppMPXis,2025-06-09 18:57:48+00:00
https://fcrepo-qa.lib.umd.edu/fcrepo/rest/dc/2021/1/5f/2c/c5/59/5f2cc559-98d2-4d62-b873-4b50152cb944/m/Wbg-8L4b/f/ID3Z3d1O,2024-05-15 23:24:41+00:00
https://fcrepo-qa.lib.umd.edu/fcrepo/rest/dc/2021/1/5f/11/96/3c/5f11963c-1b78-41a2-8f28-7bc77ad8eef9/m/L3C0qjU_/f/cKR5vAin,2025-06-09 19:12:21+00:00
https://fcrepo-qa.lib.umd.edu/fcrepo/rest/dc/2021/1/5f/11/96/3c/5f11963c-1b78-41a2-8f28-7bc77ad8eef9/m/o94jaocH/f/wbp3nXMD,2025-06-09 19:12:21+00:00
https://fcrepo-qa.lib.umd.edu/fcrepo/rest/dc/2021/1/5f/11/96/3c/5f11963c-1b78-41a2-8f28-7bc77ad8eef9/m/LRbxp2Ap/f/ypnB-L65,2025-06-09 19:12:21+00:00
https://fcrepo-qa.lib.umd.edu/fcrepo/rest/dc/2021/1/5f/a4/17/91/5fa41791-c448-4b96-9e17-1c04331929cb/m/xDlvAzmM/f/4yKluRnG,2025-06-18 03:23:00+00:00
https://fcrepo-qa.lib.umd.edu/fcrepo/rest/dc/2021/1/5f/73/22/f3/5f7322f3-7ac1-419c-95ee-166d801b61fa/m/_gyt4v5z/f/GuE6ihMF,2025-06-09 18:58:49+00:00
https://fcrepo-qa.lib.umd.edu/fcrepo/rest/dc/2021/1/5f/e6/c6/6d/5fe6c66d-59ad-4e69-ab3d-c2b65db06f01/m/k5v5QAT2/f/HXxRzzSP,2025-06-09 19:11:39+00:00
https://fcrepo-qa.lib.umd.edu/fcrepo/rest/dc/2021/1/d1/50/0b/2a/d1500b2a-973f-4c15-ad37-34f725bbe7e8/m/V7gyl37O/f/oIh8VAlE,2021-02-02 01:35:37+00:00
https://fcrepo-qa.lib.umd.edu/fcrepo/rest/dc/2021/1/d1/cf/50/55/d1cf5055-2a7e-413b-a73b-1a24c77d6d61/m/Io2PS5n4/f/qNOORflw,2021-02-01 22:55:07+00:00
https://fcrepo-qa.lib.umd.edu/fcrepo/rest/dc/2021/1/d1/9e/78/0f/d19e780f-6061-40c4-a3a9-5be0d4a55e3f/m/nf4zGqS6/f/afn9PvHT,2021-02-02 01:33:22+00:00
https://fcrepo-qa.lib.umd.edu/fcrepo/rest/dc/2021/1/d1/7c/8a/5c/d17c8a5c-01ba-48a2-839f-868159527456/m/ipGqEw1y/f/i3HEXV1k,2021-02-01 22:53:51+00:00
https://fcrepo-qa.lib.umd.edu/fcrepo/rest/dc/2021/1/d1/07/fb/82/d107fb82-4727-41cc-80cc-b6bbc3bc3e83/m/Wg5ktLFB/f/nSR_1Lzk,2021-02-02 01:33:46+00:00
https://fcrepo-qa.lib.umd.edu/fcrepo/rest/dc/2021/1/d1/45/ef/9b/d145ef9b-de62-441a-ba12-9dfa4a512902/m/eYwga12_/f/CRAaRLBK,2021-08-25 02:56:55+00:00
https://fcrepo-qa.lib.umd.edu/fcrepo/rest/dc/2021/1/d1/45/ef/9b/d145ef9b-de62-441a-ba12-9dfa4a512902/m/q93qXS_j/f/p9edVr2m,2021-08-25 02:56:55+00:00
https://fcrepo-qa.lib.umd.edu/fcrepo/rest/dc/2021/1/d1/45/ef/9b/d145ef9b-de62-441a-ba12-9dfa4a512902/m/7P-CGRrb/f/RpwXp7R8,2021-08-25 02:56:55+00:00
https://fcrepo-qa.lib.umd.edu/fcrepo/rest/dc/2021/1/d1/7d/4f/b8/d17d4fb8-1640-48e2-884d-ea010b98c1fa/m/7u7XvPgq/f/t7qIbz3I,2023-05-06 15:02:32+00:00
https://fcrepo-qa.lib.umd.edu/fcrepo/rest/dc/2021/1/d1/7d/4f/b8/d17d4fb8-1640-48e2-884d-ea010b98c1fa/m/wUSHbvcl/f/H9zYh6zA,2023-05-06 15:02:32+00:00
https://fcrepo-qa.lib.umd.edu/fcrepo/rest/dc/2021/1/d1/7d/0e/54/d17d0e54-13c6-4ecd-a984-67c41167dd7b/m/vau9znHK/f/kZQjcxms,2023-05-05 21:40:15+00:00
https://fcrepo-qa.lib.umd.edu/fcrepo/rest/dc/2021/1/d1/59/03/60/d1590360-a100-4837-addc-e4c0645b5d7b/m/jXIPnjQf/f/FFSrkycY,2021-08-25 02:57:17+00:00
https://fcrepo-qa.lib.umd.edu/fcrepo/rest/dc/2021/1/d1/97/44/7d/d197447d-a21c-4301-8740-4c294ac7f404/m/LeDwSCID/f/xXCsaJLc,2022-12-14 18:48:59+00:00
https://fcrepo-qa.lib.umd.edu/fcrepo/rest/dc/2021/1/d1/9a/66/7f/d19a667f-0b64-4531-a1c5-9f31ce591e73/m/0TT0Wwmf/f/tmnr3cn2,2021-08-25 02:55:20+00:00
https://fcrepo-qa.lib.umd.edu/fcrepo/rest/dc/2021/1/d1/92/9f/c2/d1929fc2-bd1a-4672-8347-4ba1cec77d94/m/Kn0hV9p6/f/I4e-kw07,2022-12-14 19:02:15+00:00
https://fcrepo-qa.lib.umd.edu/fcrepo/rest/dc/2021/1/d1/6a/f1/e5/d16af1e5-6fa1-4286-9207-8063f1626354/m/bVEMxU4D/f/Loj2LOAb,2021-02-02 15:55:17+00:00
https://fcrepo-qa.lib.umd.edu/fcrepo/rest/dc/2021/1/d1/51/21/33/d1512133-9316-40f9-bf58-63a56ea94db3/m/QA0kpqsD/f/FQEaKSL3,2021-02-02 01:36:16+00:00
https://fcrepo-qa.lib.umd.edu/fcrepo/rest/dc/2021/1/d1/db/86/bc/d1db86bc-29ac-4e91-ad30-8119233cfd5f/m/bqMHTzk1/f/M0M9hMLc,2023-10-09 20:23:19+00:00
https://fcrepo-qa.lib.umd.edu/fcrepo/rest/dc/2021/1/d1/17/59/8f/d117598f-ba5e-4dcb-96fc-769fc1001535/m/bfnF0QpB/f/-33YEWLV,2023-05-06 15:01:52+00:00
https://fcrepo-qa.lib.umd.edu/fcrepo/rest/dc/2021/1/d1/17/59/8f/d117598f-ba5e-4dcb-96fc-769fc1001535/m/_LsjIj_O/f/3mH6MHoO,2023-05-06 15:01:52+00:00
https://fcrepo-qa.lib.umd.edu/fcrepo/rest/dc/2021/1/d1/ab/83/06/d1ab8306-e27f-4b62-96c8-27a185deab6e/m/5R7oP6ij/f/Hf404ypb,2023-10-09 21:01:06+00:00
https://fcrepo-qa.lib.umd.edu/fcrepo/rest/dc/2021/1/d1/ee/81/23/d1ee8123-2a3c-4866-b442-54523e1edf2e/m/pDc4hfHH/f/iq23-wX6,2023-05-09 22:22:25+00:00
https://fcrepo-qa.lib.umd.edu/fcrepo/rest/dc/2021/1/d1/8d/2d/33/d18d2d33-fb19-4a47-be08-0a2dd6567ca8/m/xUyyZuob/f/8vQ-iA76,2023-05-06 14:59:56+00:00
https://fcrepo-qa.lib.umd.edu/fcrepo/rest/dc/2021/1/d1/63/77/0f/d163770f-e366-47ef-91d4-44f34646f404/m/Pm1w5Y-t/f/eU3ty8vF,2023-10-09 20:18:46+00:00
https://fcrepo-qa.lib.umd.edu/fcrepo/rest/dc/2021/1/d1/be/7a/d9/d1be7ad9-9682-418e-8593-89b505fbe25f/m/CRMMVL5x/f/gXY0pZtw,2023-05-06 15:05:58+00:00
https://fcrepo-qa.lib.umd.edu/fcrepo/rest/dc/2021/1/d1/84/95/12/d1849512-4898-4214-b533-456d0eb0750e/m/0CuvFsKb/f/7-u2ukht,2023-10-09 20:54:38+00:00
https://fcrepo-qa.lib.umd.edu/fcrepo/rest/dc/2021/1/d1/d5/47/c3/d1d547c3-192f-4bd2-b1cf-9cf4676a3c1a/m/0V0YZa_y/f/RANWoqyK,2023-10-09 21:00:21+00:00
https://fcrepo-qa.lib.umd.edu/fcrepo/rest/dc/2021/1/d1/5c/7c/84/d15c7c84-865c-4f89-a3a9-9c5bf74f5d28/m/_siyqi5M/f/67ILg9k7,2024-09-17 21:03:51+00:00
https://fcrepo-qa.lib.umd.edu/fcrepo/rest/dc/2021/1/d1/5c/7c/84/d15c7c84-865c-4f89-a3a9-9c5bf74f5d28/m/qcnIGld1/f/t2k7TxV0,2024-09-17 21:03:51+00:00
https://fcrepo-qa.lib.umd.edu/fcrepo/rest/dc/2021/1/d1/5c/7c/84/d15c7c84-865c-4f89-a3a9-9c5bf74f5d28/m/T9se0xkr/f/0MlZr825,2024-09-17 21:03:51+00:00
https://fcrepo-qa.lib.umd.edu/fcrepo/rest/dc/2021/1/d1/1a/88/cb/d11a88cb-978b-445a-b13c-d4b7b0f87353/m/zHVpXjli/f/XJVIehtv,2024-05-15 22:41:26+00:00
https://fcrepo-qa.lib.umd.edu/fcrepo/rest/dc/2021/1/d1/1a/88/cb/d11a88cb-978b-445a-b13c-d4b7b0f87353/m/cQP2kHGX/f/RAJtNTA-,2024-05-15 22:41:26+00:00
https://fcrepo-qa.lib.umd.edu/fcrepo/rest/dc/2021/1/d1/96/49/62/d1964962-dbd8-40d1-8c46-2bea3d2c2a48/m/9HAh_Suf/f/PaGEVqaz,2024-08-29 14:57:18+00:00
https://fcrepo-qa.lib.umd.edu/fcrepo/rest/dc/2021/1/d1/c4/06/ab/d1c406ab-f9e2-44ad-9b75-00eb5883dd35/m/rk7yDMDE/f/cajoJ3CX,2025-06-17 15:33:09+00:00
https://fcrepo-qa.lib.umd.edu/fcrepo/rest/dc/2021/1/d1/23/29/d4/d12329d4-090d-49cb-a3a9-5bc6d273fa82/m/Jhd4Whb4/f/nWlLgrR6,2025-06-03 20:22:04+00:00
https://fcrepo-qa.lib.umd.edu/fcrepo/rest/dc/2021/1/d1/fb/86/38/d1fb8638-4048-4efd-862b-8e044e06f223/m/Q9zHYUzW/f/0RbApL2M,2025-06-09 18:55:25+00:00
https://fcrepo-qa.lib.umd.edu/fcrepo/rest/dc/2021/1/d1/99/e9/49/d199e949-c721-48db-a3ae-58e7f47dc87b/m/uuydV4jC/f/OeZ9Dax5,2024-12-20 22:12:15+00:00
https://fcrepo-qa.lib.umd.edu/fcrepo/rest/dc/2021/1/d1/f8/d0/ec/d1f8d0ec-71fe-4cf9-b61c-c975592a4221/m/Rl7lbu5C/f/yLgPO2-Y,2025-06-03 20:29:59+00:00
https://fcrepo-qa.lib.umd.edu/fcrepo/rest/dc/2021/1/c4/df/43/6a/c4df436a-342a-4112-99c4-6ac4fb8631c0/m/WIgu7HKV/f/HpKkDR1e,2022-12-14 18:49:24+00:00
https://fcrepo-qa.lib.umd.edu/fcrepo/rest/dc/2021/1/c4/df/43/6a/c4df436a-342a-4112-99c4-6ac4fb8631c0/m/RgVqXZsW/f/fzOAOhq7,2022-12-14 18:49:24+00:00
https://fcrepo-qa.lib.umd.edu/fcrepo/rest/dc/2021/1/c4/df/43/6a/c4df436a-342a-4112-99c4-6ac4fb8631c0/m/U4d4f8Q_/f/XkhFNEnD,2022-12-14 18:49:24+00:00
https://fcrepo-qa.lib.umd.edu/fcrepo/rest/dc/2021/1/c4/df/43/6a/c4df436a-342a-4112-99c4-6ac4fb8631c0/m/PeKT1syJ/f/HkwV0jNS,2022-12-14 18:49:24+00:00
https://fcrepo-qa.lib.umd.edu/fcrepo/rest/dc/2021/1/c4/f3/ef/3a/c4f3ef3a-2f91-4f9c-a952-21103cc8303f/m/ddr98cMw/f/QSkdpqqm,2022-12-14 18:54:35+00:00
https://fcrepo-qa.lib.umd.edu/fcrepo/rest/dc/2021/1/c4/f3/ef/3a/c4f3ef3a-2f91-4f9c-a952-21103cc8303f/m/8_VrR5bG/f/7NCz-ZMl,2022-12-14 18:54:35+00:00
https://fcrepo-qa.lib.umd.edu/fcrepo/rest/dc/2021/1/c4/f3/ef/3a/c4f3ef3a-2f91-4f9c-a952-21103cc8303f/m/X6QXSkU0/f/-_mixT-h,2022-12-14 18:54:35+00:00
https://fcrepo-qa.lib.umd.edu/fcrepo/rest/dc/2021/1/c4/f3/ef/3a/c4f3ef3a-2f91-4f9c-a952-21103cc8303f/m/JhiMJlrV/f/AxaqzQkj,2022-12-14 18:54:35+00:00
https://fcrepo-qa.lib.umd.edu/fcrepo/rest/dc/2021/1/c4/77/bc/fc/c477bcfc-48e2-4a0a-bab6-38d34ca00e83/m/uz8hZntt/f/bEtiz_l0,2021-08-25 02:56:46+00:00
https://fcrepo-qa.lib.umd.edu/fcrepo/rest/dc/2021/1/c4/77/bc/fc/c477bcfc-48e2-4a0a-bab6-38d34ca00e83/m/MjL1Hl87/f/ribEuIHi,2021-08-25 02:56:46+00:00
https://fcrepo-qa.lib.umd.edu/fcrepo/rest/dc/2021/1/c4/77/bc/fc/c477bcfc-48e2-4a0a-bab6-38d34ca00e83/m/_6hDeKAx/f/VqpvxwNG,2021-08-25 02:56:46+00:00
https://fcrepo-qa.lib.umd.edu/fcrepo/rest/dc/2021/1/c4/09/01/21/c4090121-a07c-481b-a3a4-8548a82552c8/m/r_zzqCAN/f/UgDOcPVv,2022-12-14 18:53:26+00:00
https://fcrepo-qa.lib.umd.edu/fcrepo/rest/dc/2021/1/c4/36/50/64/c4365064-c273-4777-980c-772b0fbf3dad/m/zvqKHEt0/f/ap8uE40P,2024-05-15 23:04:40+00:00
https://fcrepo-qa.lib.umd.edu/fcrepo/rest/dc/2021/1/c4/09/81/b1/c40981b1-f6f7-479f-ad50-89874dd02068/m/vXYBJVTQ/f/7Suc_ynH,2023-10-09 20:50:44+00:00
https://fcrepo-qa.lib.umd.edu/fcrepo/rest/dc/2021/1/c4/06/d2/56/c406d256-3ee1-4b67-b03d-a8d6615bbeac/m/8bpvRFjY/f/RUnpgSO2,2022-12-14 18:57:39+00:00
https://fcrepo-qa.lib.umd.edu/fcrepo/rest/dc/2021/1/c4/99/da/c1/c499dac1-806d-4691-89af-3350e017430f/m/wLqkJMeQ/f/k8PRjeMn,2021-02-02 01:35:20+00:00
https://fcrepo-qa.lib.umd.edu/fcrepo/rest/dc/2021/1/c4/99/da/c1/c499dac1-806d-4691-89af-3350e017430f/m/W6cZluX4/f/COtynPds,2021-02-02 01:35:20+00:00
https://fcrepo-qa.lib.umd.edu/fcrepo/rest/dc/2021/1/c4/c0/8f/af/c4c08faf-937e-455d-8917-27b17ab1432e/m/l7uuxhP2/f/dxViRj0d,2021-02-02 01:38:16+00:00
https://fcrepo-qa.lib.umd.edu/fcrepo/rest/dc/2021/1/c4/b4/3f/c9/c4b43fc9-794d-4da9-9b19-3adfb5945e26/m/0C28ahpW/f/yJ0pM1OG,2021-02-02 01:34:07+00:00
https://fcrepo-qa.lib.umd.edu/fcrepo/rest/dc/2021/1/c4/d7/94/1d/c4d7941d-d98e-427a-81d8-0854d1f3a142/m/n122ZsrG/f/Ahjcti87,2023-10-09 19:45:43+00:00
https://fcrepo-qa.lib.umd.edu/fcrepo/rest/dc/2021/1/c4/11/c8/44/c411c844-82bf-41d7-86df-c159795f6678/m/FjBckx5H/f/NYyoFWFW,2023-10-09 19:50:21+00:00
https://fcrepo-qa.lib.umd.edu/fcrepo/rest/dc/2021/1/c4/60/c2/fa/c460c2fa-e33c-4f82-ae39-b8581d84d713/m/CX9Jw6wG/f/8zqnSFHn,2022-12-14 19:02:35+00:00
https://fcrepo-qa.lib.umd.edu/fcrepo/rest/dc/2021/1/c4/3d/d8/45/c43dd845-4999-4453-9304-cd316bbc44e2/m/yrPCau4O/f/m3z_IN3y,2023-10-09 19:54:43+00:00
https://fcrepo-qa.lib.umd.edu/fcrepo/rest/dc/2021/1/c4/43/34/a8/c44334a8-acd6-40a3-98b5-1f71182dbd88/m/ygYKul4k/f/Lt8RkxbH,2023-05-06 14:59:54+00:00
https://fcrepo-qa.lib.umd.edu/fcrepo/rest/dc/2021/1/c4/39/37/cd/c43937cd-2c03-4464-91bd-f76c22cd4d49/m/0je2xc1Q/f/2cBSZvaV,2022-12-14 18:58:38+00:00
https://fcrepo-qa.lib.umd.edu/fcrepo/rest/dc/2021/1/c4/d5/7f/67/c4d57f67-c11c-421e-9b6a-122400a85002/m/bAwlSoRW/f/VKrLgVS5,2023-05-06 15:02:54+00:00
https://fcrepo-qa.lib.umd.edu/fcrepo/rest/dc/2021/1/c4/1f/89/2b/c41f892b-194d-4313-bc9b-58dcd8cc1d77/m/pyt88ckx/f/xg_X9tWW,2023-10-09 20:25:36+00:00
https://fcrepo-qa.lib.umd.edu/fcrepo/rest/dc/2021/1/c4/f4/9b/47/c4f49b47-152f-4ac8-a9b7-bda57267f20b/m/AbLmqG0K/f/FnBN9OnQ,2023-05-06 15:02:50+00:00
https://fcrepo-qa.lib.umd.edu/fcrepo/rest/dc/2021/1/c4/46/a0/08/c446a008-61a7-49c7-b950-ad620eb21f21/m/v9ZO70E7/f/gQiRnGim,2023-10-09 21:02:57+00:00
https://fcrepo-qa.lib.umd.edu/fcrepo/rest/dc/2021/1/c4/9b/48/8d/c49b488d-a456-4e2d-b3b9-e11656950f72/m/Qc73VgMT/f/p_v46YNY,2023-10-09 20:58:51+00:00
https://fcrepo-qa.lib.umd.edu/fcrepo/rest/dc/2021/1/c4/9b/48/8d/c49b488d-a456-4e2d-b3b9-e11656950f72/m/VepeeGIL/f/S_6Z-5pa,2023-10-09 20:58:51+00:00
https://fcrepo-qa.lib.umd.edu/fcrepo/rest/dc/2021/1/c4/54/0c/6e/c4540c6e-2e03-4e61-a7f5-7c0534ec5cab/m/mT20gjur/f/JzMRyYcA,2023-10-09 20:56:55+00:00
https://fcrepo-qa.lib.umd.edu/fcrepo/rest/dc/2021/1/c4/54/0c/6e/c4540c6e-2e03-4e61-a7f5-7c0534ec5cab/m/OoJTYAHI/f/HFR_DJ48,2023-10-09 20:56:55+00:00
https://fcrepo-qa.lib.umd.edu/fcrepo/rest/dc/2021/1/c4/da/d5/04/c4dad504-89b7-4c2e-a7c9-0151895c7d38/m/H75MYn-p/f/fDUr7DTC,2024-05-15 23:25:58+00:00
https://fcrepo-qa.lib.umd.edu/fcrepo/rest/dc/2021/1/c4/7a/f0/61/c47af061-8e00-41db-90d3-68ef9833d64e/m/_JGK0Xqb/f/VRT3cdrC,2023-10-09 20:35:01+00:00
https://fcrepo-qa.lib.umd.edu/fcrepo/rest/dc/2021/1/c4/00/31/5c/c400315c-004a-4651-bf4b-7f839885bd1a/m/yT6JI8pT/f/ncTYAaib,2024-05-15 23:24:51+00:00
https://fcrepo-qa.lib.umd.edu/fcrepo/rest/dc/2021/1/c4/a3/69/67/c4a36967-5145-418c-adbc-b9e527f85530/m/rH6158M0/f/hSjhYS5C,2023-10-09 20:28:52+00:00
